lizard,day,group,sex,eat
1,1,control,female,0
1,2,control,female,0
1,3,control,female,1
1,4,control,female,0
1,5,control,female,0
1,6,control,female,0
1,7,control,female,0
1,8,control,female,0
1,9,control,female,1
1,10,control,female,1
1,11,control,female,1
1,12,control,female,0
1,13,control,female,0
1,14,control,female,0
2,1,treat,male,0
2,2,treat,male,1
2,3,treat,male,0
2,4,treat,male,1
2,5,treat,male,0
2,6,treat,male,1
2,7,treat,male,1
2,8,treat,male,1
2,9,treat,male,1
2,10,treat,male,1
2,11,treat,male,0
2,12,treat,male,0
2,13,treat,male,0
2,14,treat,male,0
3,1,control,female,1
3,2,control,female,0
3,3,control,female,0
3,4,control,female,0
3,5,control,female,0
3,6,control,female,1
3,7,control,female,0
3,8,control,female,1
3,9,control,female,0
3,10,control,female,0
3,11,control,female,1
3,12,control,female,1
3,13,control,female,1
3,14,control,female,0
4,1,control,female,0
4,2,control,female,1
4,3,control,female,0
4,4,control,female,0
4,5,control,female,1
4,6,control,female,1
4,7,control,female,0
4,8,control,female,0
4,9,control,female,1
4,10,control,female,1
4,11,control,female,0
4,12,control,female,0
4,13,control,female,0
4,14,control,female,1
5,1,treat,female,1
5,2,treat,female,1
5,3,treat,female,1
5,4,treat,female,1
5,5,treat,female,1
5,6,treat,female,1
5,7,treat,female,1
5,8,treat,female,0
5,9,treat,female,1
5,10,treat,female,1
5,11,treat,female,1
5,12,treat,female,1
5,13,treat,female,0
5,14,treat,female,1
6,1,control,female,0
6,2,control,female,1
6,3,control,female,1
6,4,control,female,1
6,5,control,female,0
6,6,control,female,0
6,7,control,female,1
6,8,control,female,1
6,9,control,female,0
6,10,control,female,1
6,11,control,female,1
6,12,control,female,1
6,13,control,female,0
6,14,control,female,1
7,1,control,male,0
7,2,control,male,0
7,3,control,male,0
7,4,control,male,1
7,5,control,male,1
7,6,control,male,0
7,7,control,male,0
7,8,control,male,1
7,9,control,male,0
7,10,control,male,0
7,11,control,male,1
7,12,control,male,1
7,13,control,male,0
7,14,control,male,1
8,1,control,female,1
8,2,control,female,1
8,3,control,female,0
8,4,control,female,1
8,5,control,female,1
8,6,control,female,1
8,7,control,female,0
8,8,control,female,0
8,9,control,female,0
8,10,control,female,0
8,11,control,female,0
8,12,control,female,1
8,13,control,female,1
8,14,control,female,1
9,1,treat,female,1
9,2,treat,female,1
9,3,treat,female,1
9,4,treat,female,1
9,5,treat,female,1
9,6,treat,female,0
9,7,treat,female,1
9,8,treat,female,1
9,9,treat,female,1
9,10,treat,female,1
9,11,treat,female,1
9,12,treat,female,1
9,13,treat,female,1
9,14,treat,female,1
10,1,treat,male,1
10,2,treat,male,1
10,3,treat,male,1
10,4,treat,male,1
10,5,treat,male,1
10,6,treat,male,1
10,7,treat,male,1
10,8,treat,male,0
10,9,treat,male,1
10,10,treat,male,1
10,11,treat,male,0
10,12,treat,male,1
10,13,treat,male,1
10,14,treat,male,1
11,1,control,male,0
11,2,control,male,0
11,3,control,male,1
11,4,control,male,1
11,5,control,male,0
11,6,control,male,0
11,7,control,male,0
11,8,control,male,0
11,9,control,male,1
11,10,control,male,0
11,11,control,male,0
11,12,control,male,0
11,13,control,male,0
11,14,control,male,0
12,1,control,female,0
12,2,control,female,0
12,3,control,female,0
12,4,control,female,0
12,5,control,female,0
12,6,control,female,1
12,7,control,female,0
12,8,control,female,1
12,9,control,female,0
12,10,control,female,1
12,11,control,female,1
12,12,control,female,1
12,13,control,female,0
12,14,control,female,1
13,1,control,female,1
13,2,control,female,0
13,3,control,female,1
13,4,control,female,0
13,5,control,female,0
13,6,control,female,0
13,7,control,female,1
13,8,control,female,0
13,9,control,female,0
13,10,control,female,0
13,11,control,female,0
13,12,control,female,1
13,13,control,female,0
13,14,control,female,1
14,1,control,female,1
14,2,control,female,1
14,3,control,female,1
14,4,control,female,0
14,5,control,female,1
14,6,control,female,0
14,7,control,female,0
14,8,control,female,1
14,9,control,female,0
14,10,control,female,0
14,11,control,female,1
14,12,control,female,0
14,13,control,female,1
14,14,control,female,1
15,1,control,female,1
15,2,control,female,1
15,3,control,female,0
15,4,control,female,1
15,5,control,female,0
15,6,control,female,1
15,7,control,female,0
15,8,control,female,1
15,9,control,female,1
15,10,control,female,1
15,11,control,female,1
15,12,control,female,1
15,13,control,female,0
15,14,control,female,1
16,1,treat,male,1
16,2,treat,male,1
16,3,treat,male,0
16,4,treat,male,0
16,5,treat,male,1
16,6,treat,male,0
16,7,treat,male,1
16,8,treat,male,0
16,9,treat,male,1
16,10,treat,male,0
16,11,treat,male,1
16,12,treat,male,1
16,13,treat,male,1
16,14,treat,male,0
17,1,treat,female,1
17,2,treat,female,0
17,3,treat,female,1
17,4,treat,female,1
17,5,treat,female,0
17,6,treat,female,0
17,7,treat,female,0
17,8,treat,female,0
17,9,treat,female,1
17,10,treat,female,0
17,11,treat,female,1
17,12,treat,female,1
17,13,treat,female,0
17,14,treat,female,1
18,1,treat,female,1
18,2,treat,female,1
18,3,treat,female,0
18,4,treat,female,1
18,5,treat,female,1
18,6,treat,female,1
18,7,treat,female,1
18,8,treat,female,1
18,9,treat,female,1
18,10,treat,female,1
18,11,treat,female,1
18,12,treat,female,1
18,13,treat,female,1
18,14,treat,female,1
19,1,treat,male,1
19,2,treat,male,1
19,3,treat,male,1
19,4,treat,male,1
19,5,treat,male,0
19,6,treat,male,1
19,7,treat,male,0
19,8,treat,male,1
19,9,treat,male,1
19,10,treat,male,0
19,11,treat,male,1
19,12,treat,male,1
19,13,treat,male,1
19,14,treat,male,1
20,1,control,male,0
20,2,control,male,0
20,3,control,male,0
20,4,control,male,0
20,5,control,male,0
20,6,control,male,1
20,7,control,male,0
20,8,control,male,0
20,9,control,male,0
20,10,control,male,0
20,11,control,male,0
20,12,control,male,0
20,13,control,male,0
20,14,control,male,0
21,1,control,male,0
21,2,control,male,0
21,3,control,male,0
21,4,control,male,0
21,5,control,male,0
21,6,control,male,0
21,7,control,male,0
21,8,control,male,0
21,9,control,male,1
21,10,control,male,0
21,11,control,male,0
21,12,control,male,1
21,13,control,male,0
21,14,control,male,0
22,1,control,male,0
22,2,control,male,1
22,3,control,male,0
22,4,control,male,1
22,5,control,male,0
22,6,control,male,0
22,7,control,male,1
22,8,control,male,0
22,9,control,male,1
22,10,control,male,0
22,11,control,male,0
22,12,control,male,1
22,13,control,male,0
22,14,control,male,0
23,1,control,female,0
23,2,control,female,1
23,3,control,female,1
23,4,control,female,1
23,5,control,female,1
23,6,control,female,1
23,7,control,female,1
23,8,control,female,0
23,9,control,female,1
23,10,control,female,1
23,11,control,female,1
23,12,control,female,0
23,13,control,female,0
23,14,control,female,0
24,1,control,male,0
24,2,control,male,0
24,3,control,male,0
24,4,control,male,1
24,5,control,male,0
24,6,control,male,0
24,7,control,male,0
24,8,control,male,1
24,9,control,male,0
24,10,control,male,0
24,11,control,male,1
24,12,control,male,0
24,13,control,male,0
24,14,control,male,0
25,1,control,female,0
25,2,control,female,0
25,3,control,female,0
25,4,control,female,0
25,5,control,female,1
25,6,control,female,1
25,7,control,female,0
25,8,control,female,1
25,9,control,female,0
25,10,control,female,0
25,11,control,female,0
25,12,control,female,0
25,13,control,female,0
25,14,control,female,0
26,1,control,female,0
26,2,control,female,0
26,3,control,female,0
26,4,control,female,1
26,5,control,female,0
26,6,control,female,1
26,7,control,female,1
26,8,control,female,1
26,9,control,female,0
26,10,control,female,1
26,11,control,female,0
26,12,control,female,0
26,13,control,female,0
26,14,control,female,0
27,1,treat,male,0
27,2,treat,male,0
27,3,treat,male,0
27,4,treat,male,1
27,5,treat,male,1
27,6,treat,male,1
27,7,treat,male,0
27,8,treat,male,0
27,9,treat,male,1
27,10,treat,male,1
27,11,treat,male,1
27,12,treat,male,1
27,13,treat,male,0
27,14,treat,male,1
28,1,control,male,0
28,2,control,male,0
28,3,control,male,0
28,4,control,male,0
28,5,control,male,1
28,6,control,male,0
28,7,control,male,1
28,8,control,male,1
28,9,control,male,0
28,10,control,male,0
28,11,control,male,1
28,12,control,male,0
28,13,control,male,0
28,14,control,male,1
29,1,control,male,0
29,2,control,male,0
29,3,control,male,0
29,4,control,male,0
29,5,control,male,1
29,6,control,male,0
29,7,control,male,1
29,8,control,male,0
29,9,control,male,0
29,10,control,male,0
29,11,control,male,0
29,12,control,male,0
29,13,control,male,0
29,14,control,male,0
30,1,treat,male,0
30,2,treat,male,1
30,3,treat,male,1
30,4,treat,male,1
30,5,treat,male,0
30,6,treat,male,1
30,7,treat,male,0
30,8,treat,male,1
30,9,treat,male,1
30,10,treat,male,0
30,11,treat,male,1
30,12,treat,male,0
30,13,treat,male,1
30,14,treat,male,1
31,1,treat,male,0
31,2,treat,male,0
31,3,treat,male,0
31,4,treat,male,0
31,5,treat,male,1
31,6,treat,male,0
31,7,treat,male,1
31,8,treat,male,1
31,9,treat,male,0
31,10,treat,male,1
31,11,treat,male,0
31,12,treat,male,0
31,13,treat,male,1
31,14,treat,male,0
32,1,treat,male,0
32,2,treat,male,0
32,3,treat,male,0
32,4,treat,male,1
32,5,treat,male,0
32,6,treat,male,0
32,7,treat,male,0
32,8,treat,male,0
32,9,treat,male,1
32,10,treat,male,1
32,11,treat,male,1
32,12,treat,male,1
32,13,treat,male,1
32,14,treat,male,1
33,1,control,female,1
33,2,control,female,1
33,3,control,female,0
33,4,control,female,0
33,5,control,female,1
33,6,control,female,0
33,7,control,female,0
33,8,control,female,1
33,9,control,female,0
33,10,control,female,1
33,11,control,female,0
33,12,control,female,1
33,13,control,female,0
33,14,control,female,0
34,1,treat,male,0
34,2,treat,male,0
34,3,treat,male,0
34,4,treat,male,0
34,5,treat,male,0
34,6,treat,male,1
34,7,treat,male,0
34,8,treat,male,0
34,9,treat,male,1
34,10,treat,male,0
34,11,treat,male,0
34,12,treat,male,0
34,13,treat,male,1
34,14,treat,male,0
35,1,control,male,0
35,2,control,male,0
35,3,control,male,0
35,4,control,male,1
35,5,control,male,1
35,6,control,male,1
35,7,control,male,0
35,8,control,male,0
35,9,control,male,0
35,10,control,male,0
35,11,control,male,1
35,12,control,male,0
35,13,control,male,0
35,14,control,male,0
36,1,control,male,1
36,2,control,male,0
36,3,control,male,0
36,4,control,male,0
36,5,control,male,0
36,6,control,male,0
36,7,control,male,0
36,8,control,male,0
36,9,control,male,0
36,10,control,male,0
36,11,control,male,0
36,12,control,male,0
36,13,control,male,0
36,14,control,male,0
37,1,treat,male,1
37,2,treat,male,1
37,3,treat,male,0
37,4,treat,male,1
37,5,treat,male,0
37,6,treat,male,0
37,7,treat,male,0
37,8,treat,male,1
37,9,treat,male,1
37,10,treat,male,1
37,11,treat,male,0
37,12,treat,male,0
37,13,treat,male,1
37,14,treat,male,0
38,1,control,male,0
38,2,control,male,1
38,3,control,male,0
38,4,control,male,1
38,5,control,male,0
38,6,control,male,0
38,7,control,male,0
38,8,control,male,0
38,9,control,male,0
38,10,control,male,0
38,11,control,male,0
38,12,control,male,1
38,13,control,male,0
38,14,control,male,0
39,1,treat,male,1
39,2,treat,male,0
39,3,treat,male,1
39,4,treat,male,0
39,5,treat,male,1
39,6,treat,male,1
39,7,treat,male,1
39,8,treat,male,0
39,9,treat,male,0
39,10,treat,male,0
39,11,treat,male,1
39,12,treat,male,0
39,13,treat,male,0
39,14,treat,male,1
40,1,treat,male,0
40,2,treat,male,1
40,3,treat,male,1
40,4,treat,male,1
40,5,treat,male,0
40,6,treat,male,0
40,7,treat,male,0
40,8,treat,male,0
40,9,treat,male,1
40,10,treat,male,0
40,11,treat,male,0
40,12,treat,male,1
40,13,treat,male,1
40,14,treat,male,0
41,1,treat,female,1
41,2,treat,female,1
41,3,treat,female,1
41,4,treat,female,1
41,5,treat,female,1
41,6,treat,female,0
41,7,treat,female,1
41,8,treat,female,1
41,9,treat,female,1
41,10,treat,female,1
41,11,treat,female,1
41,12,treat,female,1
41,13,treat,female,1
41,14,treat,female,1
42,1,treat,female,1
42,2,treat,female,1
42,3,treat,female,1
42,4,treat,female,1
42,5,treat,female,1
42,6,treat,female,1
42,7,treat,female,1
42,8,treat,female,0
42,9,treat,female,0
42,10,treat,female,1
42,11,treat,female,1
42,12,treat,female,1
42,13,treat,female,1
42,14,treat,female,1
43,1,control,male,0
43,2,control,male,0
43,3,control,male,1
43,4,control,male,0
43,5,control,male,0
43,6,control,male,0
43,7,control,male,0
43,8,control,male,1
43,9,control,male,0
43,10,control,male,0
43,11,control,male,1
43,12,control,male,0
43,13,control,male,0
43,14,control,male,0
44,1,treat,male,1
44,2,treat,male,1
44,3,treat,male,0
44,4,treat,male,0
44,5,treat,male,0
44,6,treat,male,0
44,7,treat,male,0
44,8,treat,male,1
44,9,treat,male,1
44,10,treat,male,1
44,11,treat,male,1
44,12,treat,male,0
44,13,treat,male,1
44,14,treat,male,0
45,1,treat,female,1
45,2,treat,female,1
45,3,treat,female,1
45,4,treat,female,1
45,5,treat,female,1
45,6,treat,female,1
45,7,treat,female,1
45,8,treat,female,1
45,9,treat,female,1
45,10,treat,female,1
45,11,treat,female,0
45,12,treat,female,1
45,13,treat,female,1
45,14,treat,female,1
46,1,treat,male,0
46,2,treat,male,0
46,3,treat,male,0
46,4,treat,male,1
46,5,treat,male,0
46,6,treat,male,1
46,7,treat,male,1
46,8,treat,male,0
46,9,treat,male,0
46,10,treat,male,1
46,11,treat,male,1
46,12,treat,male,0
46,13,treat,male,0
46,14,treat,male,1
47,1,treat,male,1
47,2,treat,male,0
47,3,treat,male,1
47,4,treat,male,0
47,5,treat,male,1
47,6,treat,male,1
47,7,treat,male,0
47,8,treat,male,1
47,9,treat,male,1
47,10,treat,male,1
47,11,treat,male,1
47,12,treat,male,0
47,13,treat,male,1
47,14,treat,male,1
48,1,treat,female,1
48,2,treat,female,1
48,3,treat,female,1
48,4,treat,female,1
48,5,treat,female,0
48,6,treat,female,1
48,7,treat,female,1
48,8,treat,female,1
48,9,treat,female,1
48,10,treat,female,1
48,11,treat,female,1
48,12,treat,female,1
48,13,treat,female,1
48,14,treat,female,1
49,1,control,male,0
49,2,control,male,0
49,3,control,male,0
49,4,control,male,0
49,5,control,male,0
49,6,control,male,0
49,7,control,male,0
49,8,control,male,0
49,9,control,male,0
49,10,control,male,0
49,11,control,male,0
49,12,control,male,0
49,13,control,male,0
49,14,control,male,0
50,1,control,male,0
50,2,control,male,0
50,3,control,male,0
50,4,control,male,0
50,5,control,male,0
50,6,control,male,1
50,7,control,male,0
50,8,control,male,0
50,9,control,male,0
50,10,control,male,0
50,11,control,male,0
50,12,control,male,0
50,13,control,male,1
50,14,control,male,0
51,1,treat,female,1
51,2,treat,female,1
51,3,treat,female,1
51,4,treat,female,1
51,5,treat,female,1
51,6,treat,female,0
51,7,treat,female,0
51,8,treat,female,1
51,9,treat,female,1
51,10,treat,female,1
51,11,treat,female,1
51,12,treat,female,1
51,13,treat,female,1
51,14,treat,female,1
52,1,control,female,0
52,2,control,female,0
52,3,control,female,1
52,4,control,female,1
52,5,control,female,1
52,6,control,female,1
52,7,control,female,0
52,8,control,female,0
52,9,control,female,0
52,10,control,female,0
52,11,control,female,1
52,12,control,female,0
52,13,control,female,1
52,14,control,female,1
53,1,treat,female,1
53,2,treat,female,1
53,3,treat,female,1
53,4,treat,female,1
53,5,treat,female,1
53,6,treat,female,1
53,7,treat,female,1
53,8,treat,female,1
53,9,treat,female,1
53,10,treat,female,1
53,11,treat,female,1
53,12,treat,female,1
53,13,treat,female,1
53,14,treat,female,0
54,1,treat,female,0
54,2,treat,female,0
54,3,treat,female,1
54,4,treat,female,1
54,5,treat,female,1
54,6,treat,female,1
54,7,treat,female,1
54,8,treat,female,1
54,9,treat,female,0
54,10,treat,female,0
54,11,treat,female,1
54,12,treat,female,0
54,13,treat,female,0
54,14,treat,female,1
55,1,control,female,0
55,2,control,female,0
55,3,control,female,0
55,4,control,female,0
55,5,control,female,0
55,6,control,female,0
55,7,control,female,0
55,8,control,female,1
55,9,control,female,0
55,10,control,female,0
55,11,control,female,0
55,12,control,female,0
55,13,control,female,0
55,14,control,female,1
56,1,control,female,0
56,2,control,female,0
56,3,control,female,0
56,4,control,female,0
56,5,control,female,0
56,6,control,female,0
56,7,control,female,1
56,8,control,female,1
56,9,control,female,0
56,10,control,female,0
56,11,control,female,1
56,12,control,female,0
56,13,control,female,1
56,14,control,female,0
57,1,treat,male,1
57,2,treat,male,0
57,3,treat,male,0
57,4,treat,male,1
57,5,treat,male,0
57,6,treat,male,1
57,7,treat,male,0
57,8,treat,male,1
57,9,treat,male,1
57,10,treat,male,0
57,11,treat,male,0
57,12,treat,male,0
57,13,treat,male,0
57,14,treat,male,0
58,1,treat,male,0
58,2,treat,male,0
58,3,treat,male,1
58,4,treat,male,1
58,5,treat,male,0
58,6,treat,male,0
58,7,treat,male,1
58,8,treat,male,1
58,9,treat,male,1
58,10,treat,male,0
58,11,treat,male,1
58,12,treat,male,1
58,13,treat,male,1
58,14,treat,male,1
59,1,treat,male,0
59,2,treat,male,1
59,3,treat,male,1
59,4,treat,male,0
59,5,treat,male,0
59,6,treat,male,1
59,7,treat,male,0
59,8,treat,male,0
59,9,treat,male,1
59,10,treat,male,0
59,11,treat,male,0
59,12,treat,male,1
59,13,treat,male,1
59,14,treat,male,0
60,1,control,male,0
60,2,control,male,0
60,3,control,male,0
60,4,control,male,1
60,5,control,male,1
60,6,control,male,1
60,7,control,male,1
60,8,control,male,1
60,9,control,male,0
60,10,control,male,0
60,11,control,male,0
60,12,control,male,0
60,13,control,male,0
60,14,control,male,1
61,1,control,female,0
61,2,control,female,0
61,3,control,female,1
61,4,control,female,1
61,5,control,female,0
61,6,control,female,0
61,7,control,female,0
61,8,control,female,0
61,9,control,female,0
61,10,control,female,1
61,11,control,female,1
61,12,control,female,1
61,13,control,female,1
61,14,control,female,0
62,1,treat,female,1
62,2,treat,female,1
62,3,treat,female,1
62,4,treat,female,1
62,5,treat,female,1
62,6,treat,female,1
62,7,treat,female,1
62,8,treat,female,1
62,9,treat,female,1
62,10,treat,female,1
62,11,treat,female,1
62,12,treat,female,1
62,13,treat,female,1
62,14,treat,female,0
63,1,treat,female,0
63,2,treat,female,1
63,3,treat,female,1
63,4,treat,female,1
63,5,treat,female,1
63,6,treat,female,1
63,7,treat,female,1
63,8,treat,female,1
63,9,treat,female,1
63,10,treat,female,1
63,11,treat,female,1
63,12,treat,female,0
63,13,treat,female,1
63,14,treat,female,1
64,1,treat,female,1
64,2,treat,female,1
64,3,treat,female,1
64,4,treat,female,1
64,5,treat,female,1
64,6,treat,female,1
64,7,treat,female,1
64,8,treat,female,1
64,9,treat,female,0
64,10,treat,female,1
64,11,treat,female,1
64,12,treat,female,1
64,13,treat,female,1
64,14,treat,female,1
65,1,treat,female,1
65,2,treat,female,1
65,3,treat,female,1
65,4,treat,female,1
65,5,treat,female,1
65,6,treat,female,1
65,7,treat,female,1
65,8,treat,female,1
65,9,treat,female,1
65,10,treat,female,1
65,11,treat,female,1
65,12,treat,female,1
65,13,treat,female,1
65,14,treat,female,1
66,1,treat,female,1
66,2,treat,female,1
66,3,treat,female,1
66,4,treat,female,0
66,5,treat,female,1
66,6,treat,female,1
66,7,treat,female,1
66,8,treat,female,1
66,9,treat,female,1
66,10,treat,female,1
66,11,treat,female,1
66,12,treat,female,0
66,13,treat,female,1
66,14,treat,female,1
67,1,treat,female,1
67,2,treat,female,1
67,3,treat,female,1
67,4,treat,female,1
67,5,treat,female,1
67,6,treat,female,0
67,7,treat,female,0
67,8,treat,female,1
67,9,treat,female,1
67,10,treat,female,1
67,11,treat,female,1
67,12,treat,female,1
67,13,treat,female,1
67,14,treat,female,1
68,1,control,female,0
68,2,control,female,0
68,3,control,female,0
68,4,control,female,0
68,5,control,female,0
68,6,control,female,0
68,7,control,female,0
68,8,control,female,0
68,9,control,female,1
68,10,control,female,0
68,11,control,female,0
68,12,control,female,0
68,13,control,female,1
68,14,control,female,0
69,1,treat,female,1
69,2,treat,female,1
69,3,treat,female,1
69,4,treat,female,1
69,5,treat,female,0
69,6,treat,female,1
69,7,treat,female,0
69,8,treat,female,1
69,9,treat,female,0
69,10,treat,female,1
69,11,treat,female,1
69,12,treat,female,0
69,13,treat,female,1
69,14,treat,female,1
70,1,treat,male,1
70,2,treat,male,1
70,3,treat,male,0
70,4,treat,male,0
70,5,treat,male,0
70,6,treat,male,1
70,7,treat,male,1
70,8,treat,male,1
70,9,treat,male,1
70,10,treat,male,1
70,11,treat,male,1
70,12,treat,male,0
70,13,treat,male,0
70,14,treat,male,1
71,1,treat,female,1
71,2,treat,female,1
71,3,treat,female,1
71,4,treat,female,1
71,5,treat,female,1
71,6,treat,female,1
71,7,treat,female,0
71,8,treat,female,1
71,9,treat,female,0
71,10,treat,female,1
71,11,treat,female,1
71,12,treat,female,0
71,13,treat,female,1
71,14,treat,female,1
72,1,treat,male,1
72,2,treat,male,0
72,3,treat,male,0
72,4,treat,male,0
72,5,treat,male,1
72,6,treat,male,1
72,7,treat,male,1
72,8,treat,male,0
72,9,treat,male,1
72,10,treat,male,0
72,11,treat,male,0
72,12,treat,male,0
72,13,treat,male,0
72,14,treat,male,0
73,1,control,male,0
73,2,control,male,0
73,3,control,male,0
73,4,control,male,0
73,5,control,male,0
73,6,control,male,0
73,7,control,male,0
73,8,control,male,0
73,9,control,male,1
73,10,control,male,0
73,11,control,male,0
73,12,control,male,1
73,13,control,male,0
73,14,control,male,0
74,1,control,female,0
74,2,control,female,1
74,3,control,female,1
74,4,control,female,1
74,5,control,female,0
74,6,control,female,1
74,7,control,female,1
74,8,control,female,0
74,9,control,female,0
74,10,control,female,1
74,11,control,female,0
74,12,control,female,1
74,13,control,female,0
74,14,control,female,1
75,1,control,female,1
75,2,control,female,0
75,3,control,female,0
75,4,control,female,0
75,5,control,female,1
75,6,control,female,1
75,7,control,female,1
75,8,control,female,0
75,9,control,female,1
75,10,control,female,1
75,11,control,female,0
75,12,control,female,0
75,13,control,female,0
75,14,control,female,0
76,1,treat,male,1
76,2,treat,male,0
76,3,treat,male,0
76,4,treat,male,1
76,5,treat,male,0
76,6,treat,male,0
76,7,treat,male,1
76,8,treat,male,0
76,9,treat,male,1
76,10,treat,male,1
76,11,treat,male,0
76,12,treat,male,1
76,13,treat,male,1
76,14,treat,male,1
77,1,treat,male,1
77,2,treat,male,0
77,3,treat,male,1
77,4,treat,male,0
77,5,treat,male,1
77,6,treat,male,1
77,7,treat,male,1
77,8,treat,male,0
77,9,treat,male,0
77,10,treat,male,0
77,11,treat,male,1
77,12,treat,male,1
77,13,treat,male,1
77,14,treat,male,1
78,1,control,male,1
78,2,control,male,0
78,3,control,male,0
78,4,control,male,1
78,5,control,male,0
78,6,control,male,0
78,7,control,male,1
78,8,control,male,1
78,9,control,male,0
78,10,control,male,1
78,11,control,male,0
78,12,control,male,0
78,13,control,male,1
78,14,control,male,1
79,1,control,male,0
79,2,control,male,0
79,3,control,male,0
79,4,control,male,0
79,5,control,male,0
79,6,control,male,0
79,7,control,male,0
79,8,control,male,0
79,9,control,male,1
79,10,control,male,1
79,11,control,male,0
79,12,control,male,0
79,13,control,male,1
79,14,control,male,0
80,1,treat,female,0
80,2,treat,female,1
80,3,treat,female,1
80,4,treat,female,1
80,5,treat,female,1
80,6,treat,female,1
80,7,treat,female,1
80,8,treat,female,1
80,9,treat,female,1
80,10,treat,female,0
80,11,treat,female,1
80,12,treat,female,1
80,13,treat,female,1
80,14,treat,female,1
81,1,treat,female,1
81,2,treat,female,1
81,3,treat,female,1
81,4,treat,female,1
81,5,treat,female,1
81,6,treat,female,1
81,7,treat,female,1
81,8,treat,female,1
81,9,treat,female,1
81,10,treat,female,1
81,11,treat,female,1
81,12,treat,female,1
81,13,treat,female,1
81,14,treat,female,1
82,1,treat,male,1
82,2,treat,male,0
82,3,treat,male,0
82,4,treat,male,0
82,5,treat,male,0
82,6,treat,male,0
82,7,treat,male,1
82,8,treat,male,0
82,9,treat,male,1
82,10,treat,male,0
82,11,treat,male,1
82,12,treat,male,1
82,13,treat,male,1
82,14,treat,male,1
83,1,control,male,0
83,2,control,male,1
83,3,control,male,0
83,4,control,male,0
83,5,control,male,0
83,6,control,male,0
83,7,control,male,1
83,8,control,male,1
83,9,control,male,1
83,10,control,male,0
83,11,control,male,0
83,12,control,male,0
83,13,control,male,0
83,14,control,male,0
84,1,control,male,1
84,2,control,male,1
84,3,control,male,0
84,4,control,male,1
84,5,control,male,1
84,6,control,male,0
84,7,control,male,0
84,8,control,male,1
84,9,control,male,1
84,10,control,male,0
84,11,control,male,1
84,12,control,male,1
84,13,control,male,1
84,14,control,male,0
85,1,control,female,1
85,2,control,female,1
85,3,control,female,0
85,4,control,female,0
85,5,control,female,0
85,6,control,female,0
85,7,control,female,0
85,8,control,female,0
85,9,control,female,1
85,10,control,female,0
85,11,control,female,1
85,12,control,female,0
85,13,control,female,1
85,14,control,female,1
86,1,treat,male,1
86,2,treat,male,0
86,3,treat,male,0
86,4,treat,male,1
86,5,treat,male,0
86,6,treat,male,1
86,7,treat,male,0
86,8,treat,male,1
86,9,treat,male,0
86,10,treat,male,1
86,11,treat,male,1
86,12,treat,male,1
86,13,treat,male,0
86,14,treat,male,0
87,1,control,male,1
87,2,control,male,1
87,3,control,male,0
87,4,control,male,1
87,5,control,male,0
87,6,control,male,0
87,7,control,male,0
87,8,control,male,0
87,9,control,male,1
87,10,control,male,0
87,11,control,male,0
87,12,control,male,0
87,13,control,male,1
87,14,control,male,0
88,1,treat,female,0
88,2,treat,female,0
88,3,treat,female,1
88,4,treat,female,1
88,5,treat,female,1
88,6,treat,female,0
88,7,treat,female,1
88,8,treat,female,1
88,9,treat,female,1
88,10,treat,female,1
88,11,treat,female,1
88,12,treat,female,1
88,13,treat,female,1
88,14,treat,female,1
89,1,control,male,1
89,2,control,male,0
89,3,control,male,1
89,4,control,male,1
89,5,control,male,0
89,6,control,male,1
89,7,control,male,1
89,8,control,male,0
89,9,control,male,0
89,10,control,male,0
89,11,control,male,0
89,12,control,male,0
89,13,control,male,0
89,14,control,male,0
90,1,treat,female,1
90,2,treat,female,1
90,3,treat,female,1
90,4,treat,female,1
90,5,treat,female,0
90,6,treat,female,1
90,7,treat,female,1
90,8,treat,female,0
90,9,treat,female,1
90,10,treat,female,1
90,11,treat,female,1
90,12,treat,female,1
90,13,treat,female,1
90,14,treat,female,1
91,1,control,male,0
91,2,control,male,1
91,3,control,male,1
91,4,control,male,0
91,5,control,male,0
91,6,control,male,1
91,7,control,male,0
91,8,control,male,0
91,9,control,male,1
91,10,control,male,1
91,11,control,male,0
91,12,control,male,1
91,13,control,male,0
91,14,control,male,0
92,1,control,male,1
92,2,control,male,1
92,3,control,male,0
92,4,control,male,1
92,5,control,male,0
92,6,control,male,1
92,7,control,male,0
92,8,control,male,1
92,9,control,male,0
92,10,control,male,0
92,11,control,male,1
92,12,control,male,1
92,13,control,male,0
92,14,control,male,0
93,1,treat,male,1
93,2,treat,male,1
93,3,treat,male,1
93,4,treat,male,1
93,5,treat,male,1
93,6,treat,male,0
93,7,treat,male,0
93,8,treat,male,1
93,9,treat,male,1
93,10,treat,male,0
93,11,treat,male,0
93,12,treat,male,1
93,13,treat,male,1
93,14,treat,male,1
94,1,treat,male,1
94,2,treat,male,1
94,3,treat,male,1
94,4,treat,male,1
94,5,treat,male,0
94,6,treat,male,1
94,7,treat,male,0
94,8,treat,male,0
94,9,treat,male,1
94,10,treat,male,1
94,11,treat,male,1
94,12,treat,male,0
94,13,treat,male,1
94,14,treat,male,0
95,1,control,male,0
95,2,control,male,0
95,3,control,male,0
95,4,control,male,1
95,5,control,male,0
95,6,control,male,1
95,7,control,male,0
95,8,control,male,1
95,9,control,male,0
95,10,control,male,0
95,11,control,male,0
95,12,control,male,1
95,13,control,male,0
95,14,control,male,1
96,1,control,female,0
96,2,control,female,1
96,3,control,female,0
96,4,control,female,0
96,5,control,female,1
96,6,control,female,1
96,7,control,female,1
96,8,control,female,1
96,9,control,female,0
96,10,control,female,1
96,11,control,female,1
96,12,control,female,0
96,13,control,female,1
96,14,control,female,1
97,1,control,female,0
97,2,control,female,0
97,3,control,female,0
97,4,control,female,0
97,5,control,female,1
97,6,control,female,1
97,7,control,female,0
97,8,control,female,0
97,9,control,female,0
97,10,control,female,0
97,11,control,female,1
97,12,control,female,1
97,13,control,female,0
97,14,control,female,1
98,1,treat,male,1
98,2,treat,male,1
98,3,treat,male,0
98,4,treat,male,0
98,5,treat,male,0
98,6,treat,male,0
98,7,treat,male,0
98,8,treat,male,1
98,9,treat,male,0
98,10,treat,male,0
98,11,treat,male,0
98,12,treat,male,1
98,13,treat,male,1
98,14,treat,male,1
99,1,treat,male,1
99,2,treat,male,0
99,3,treat,male,0
99,4,treat,male,1
99,5,treat,male,0
99,6,treat,male,1
99,7,treat,male,0
99,8,treat,male,1
99,9,treat,male,1
99,10,treat,male,0
99,11,treat,male,0
99,12,treat,male,0
99,13,treat,male,0
99,14,treat,male,1
100,1,control,female,0
100,2,control,female,0
100,3,control,female,0
100,4,control,female,1
100,5,control,female,1
100,6,control,female,0
100,7,control,female,1
100,8,control,female,1
100,9,control,female,1
100,10,control,female,1
100,11,control,female,0
100,12,control,female,0
100,13,control,female,0
100,14,control,female,1
101,1,treat,female,1
101,2,treat,female,1
101,3,treat,female,1
101,4,treat,female,0
101,5,treat,female,1
101,6,treat,female,1
101,7,treat,female,0
101,8,treat,female,1
101,9,treat,female,1
101,10,treat,female,1
101,11,treat,female,1
101,12,treat,female,1
101,13,treat,female,1
101,14,treat,female,1
102,1,treat,male,1
102,2,treat,male,0
102,3,treat,male,0
102,4,treat,male,0
102,5,treat,male,0
102,6,treat,male,1
102,7,treat,male,1
102,8,treat,male,1
102,9,treat,male,1
102,10,treat,male,1
102,11,treat,male,0
102,12,treat,male,1
102,13,treat,male,1
102,14,treat,male,1
103,1,treat,female,1
103,2,treat,female,1
103,3,treat,female,1
103,4,treat,female,1
103,5,treat,female,1
103,6,treat,female,1
103,7,treat,female,1
103,8,treat,female,1
103,9,treat,female,1
103,10,treat,female,1
103,11,treat,female,1
103,12,treat,female,1
103,13,treat,female,1
103,14,treat,female,1
104,1,control,male,0
104,2,control,male,0
104,3,control,male,0
104,4,control,male,0
104,5,control,male,1
104,6,control,male,0
104,7,control,male,0
104,8,control,male,0
104,9,control,male,0
104,10,control,male,0
104,11,control,male,0
104,12,control,male,0
104,13,control,male,1
104,14,control,male,0
105,1,control,female,1
105,2,control,female,0
105,3,control,female,0
105,4,control,female,1
105,5,control,female,1
105,6,control,female,0
105,7,control,female,0
105,8,control,female,1
105,9,control,female,1
105,10,control,female,0
105,11,control,female,0
105,12,control,female,0
105,13,control,female,0
105,14,control,female,1
106,1,control,male,0
106,2,control,male,0
106,3,control,male,0
106,4,control,male,0
106,5,control,male,0
106,6,control,male,0
106,7,control,male,0
106,8,control,male,0
106,9,control,male,1
106,10,control,male,1
106,11,control,male,1
106,12,control,male,0
106,13,control,male,0
106,14,control,male,0
107,1,control,female,0
107,2,control,female,0
107,3,control,female,0
107,4,control,female,0
107,5,control,female,0
107,6,control,female,1
107,7,control,female,1
107,8,control,female,0
107,9,control,female,0
107,10,control,female,0
107,11,control,female,0
107,12,control,female,0
107,13,control,female,1
107,14,control,female,1
108,1,treat,male,1
108,2,treat,male,1
108,3,treat,male,1
108,4,treat,male,0
108,5,treat,male,0
108,6,treat,male,1
108,7,treat,male,0
108,8,treat,male,0
108,9,treat,male,0
108,10,treat,male,0
108,11,treat,male,1
108,12,treat,male,0
108,13,treat,male,0
108,14,treat,male,1
109,1,control,female,0
109,2,control,female,0
109,3,control,female,1
109,4,control,female,0
109,5,control,female,0
109,6,control,female,1
109,7,control,female,0
109,8,control,female,0
109,9,control,female,1
109,10,control,female,0
109,11,control,female,1
109,12,control,female,1
109,13,control,female,1
109,14,control,female,1
110,1,control,female,0
110,2,control,female,1
110,3,control,female,1
110,4,control,female,0
110,5,control,female,0
110,6,control,female,0
110,7,control,female,0
110,8,control,female,1
110,9,control,female,1
110,10,control,female,0
110,11,control,female,0
110,12,control,female,1
110,13,control,female,0
110,14,control,female,1
111,1,control,female,1
111,2,control,female,1
111,3,control,female,1
111,4,control,female,0
111,5,control,female,1
111,6,control,female,0
111,7,control,female,0
111,8,control,female,0
111,9,control,female,0
111,10,control,female,0
111,11,control,female,0
111,12,control,female,0
111,13,control,female,0
111,14,control,female,0
112,1,control,male,1
112,2,control,male,1
112,3,control,male,0
112,4,control,male,0
112,5,control,male,0
112,6,control,male,1
112,7,control,male,1
112,8,control,male,0
112,9,control,male,0
112,10,control,male,0
112,11,control,male,0
112,12,control,male,0
112,13,control,male,1
112,14,control,male,0
113,1,control,female,0
113,2,control,female,1
113,3,control,female,1
113,4,control,female,0
113,5,control,female,1
113,6,control,female,1
113,7,control,female,1
113,8,control,female,0
113,9,control,female,0
113,10,control,female,1
113,11,control,female,0
113,12,control,female,1
113,13,control,female,1
113,14,control,female,0
114,1,treat,male,0
114,2,treat,male,0
114,3,treat,male,1
114,4,treat,male,0
114,5,treat,male,0
114,6,treat,male,0
114,7,treat,male,0
114,8,treat,male,0
114,9,treat,male,1
114,10,treat,male,1
114,11,treat,male,0
114,12,treat,male,1
114,13,treat,male,0
114,14,treat,male,0
115,1,treat,male,1
115,2,treat,male,1
115,3,treat,male,1
115,4,treat,male,0
115,5,treat,male,0
115,6,treat,male,1
115,7,treat,male,1
115,8,treat,male,0
115,9,treat,male,1
115,10,treat,male,1
115,11,treat,male,0
115,12,treat,male,1
115,13,treat,male,0
115,14,treat,male,1
116,1,treat,female,0
116,2,treat,female,1
116,3,treat,female,1
116,4,treat,female,1
116,5,treat,female,1
116,6,treat,female,1
116,7,treat,female,1
116,8,treat,female,1
116,9,treat,female,1
116,10,treat,female,1
116,11,treat,female,1
116,12,treat,female,1
116,13,treat,female,1
116,14,treat,female,0
117,1,treat,male,1
117,2,treat,male,1
117,3,treat,male,1
117,4,treat,male,0
117,5,treat,male,1
117,6,treat,male,1
117,7,treat,male,1
117,8,treat,male,0
117,9,treat,male,1
117,10,treat,male,0
117,11,treat,male,1
117,12,treat,male,0
117,13,treat,male,0
117,14,treat,male,1
118,1,control,male,0
118,2,control,male,1
118,3,control,male,1
118,4,control,male,1
118,5,control,male,0
118,6,control,male,1
118,7,control,male,0
118,8,control,male,1
118,9,control,male,1
118,10,control,male,1
118,11,control,male,1
118,12,control,male,0
118,13,control,male,1
118,14,control,male,0
119,1,treat,female,0
119,2,treat,female,1
119,3,treat,female,1
119,4,treat,female,1
119,5,treat,female,1
119,6,treat,female,1
119,7,treat,female,1
119,8,treat,female,1
119,9,treat,female,0
119,10,treat,female,1
119,11,treat,female,1
119,12,treat,female,1
119,13,treat,female,1
119,14,treat,female,1
120,1,treat,female,1
120,2,treat,female,0
120,3,treat,female,0
120,4,treat,female,1
120,5,treat,female,1
120,6,treat,female,1
120,7,treat,female,1
120,8,treat,female,1
120,9,treat,female,1
120,10,treat,female,1
120,11,treat,female,1
120,12,treat,female,0
120,13,treat,female,1
120,14,treat,female,1
121,1,treat,female,1
121,2,treat,female,1
121,3,treat,female,1
121,4,treat,female,1
121,5,treat,female,1
121,6,treat,female,1
121,7,treat,female,0
121,8,treat,female,1
121,9,treat,female,1
121,10,treat,female,0
121,11,treat,female,1
121,12,treat,female,1
121,13,treat,female,0
121,14,treat,female,1
122,1,treat,female,1
122,2,treat,female,0
122,3,treat,female,0
122,4,treat,female,1
122,5,treat,female,1
122,6,treat,female,1
122,7,treat,female,1
122,8,treat,female,1
122,9,treat,female,1
122,10,treat,female,1
122,11,treat,female,1
122,12,treat,female,1
122,13,treat,female,1
122,14,treat,female,1
123,1,control,male,1
123,2,control,male,0
123,3,control,male,0
123,4,control,male,0
123,5,control,male,0
123,6,control,male,1
123,7,control,male,0
123,8,control,male,0
123,9,control,male,0
123,10,control,male,0
123,11,control,male,1
123,12,control,male,1
123,13,control,male,0
123,14,control,male,0
124,1,control,male,0
124,2,control,male,1
124,3,control,male,0
124,4,control,male,0
124,5,control,male,0
124,6,control,male,0
124,7,control,male,1
124,8,control,male,0
124,9,control,male,0
124,10,control,male,1
124,11,control,male,0
124,12,control,male,0
124,13,control,male,0
124,14,control,male,1
125,1,treat,female,1
125,2,treat,female,1
125,3,treat,female,1
125,4,treat,female,1
125,5,treat,female,1
125,6,treat,female,1
125,7,treat,female,1
125,8,treat,female,1
125,9,treat,female,1
125,10,treat,female,1
125,11,treat,female,0
125,12,treat,female,1
125,13,treat,female,1
125,14,treat,female,1
126,1,control,male,0
126,2,control,male,0
126,3,control,male,0
126,4,control,male,0
126,5,control,male,0
126,6,control,male,0
126,7,control,male,0
126,8,control,male,0
126,9,control,male,0
126,10,control,male,0
126,11,control,male,0
126,12,control,male,1
126,13,control,male,0
126,14,control,male,0
127,1,control,male,0
127,2,control,male,0
127,3,control,male,1
127,4,control,male,0
127,5,control,male,1
127,6,control,male,0
127,7,control,male,1
127,8,control,male,0
127,9,control,male,0
127,10,control,male,0
127,11,control,male,0
127,12,control,male,0
127,13,control,male,0
127,14,control,male,0
128,1,treat,female,1
128,2,treat,female,0
128,3,treat,female,1
128,4,treat,female,1
128,5,treat,female,1
128,6,treat,female,1
128,7,treat,female,1
128,8,treat,female,1
128,9,treat,female,1
128,10,treat,female,1
128,11,treat,female,1
128,12,treat,female,1
128,13,treat,female,1
128,14,treat,female,1
129,1,treat,female,1
129,2,treat,female,1
129,3,treat,female,1
129,4,treat,female,1
129,5,treat,female,1
129,6,treat,female,1
129,7,treat,female,1
129,8,treat,female,0
129,9,treat,female,1
129,10,treat,female,1
129,11,treat,female,1
129,12,treat,female,1
129,13,treat,female,1
129,14,treat,female,1
130,1,control,female,0
130,2,control,female,0
130,3,control,female,0
130,4,control,female,1
130,5,control,female,0
130,6,control,female,1
130,7,control,female,0
130,8,control,female,0
130,9,control,female,1
130,10,control,female,0
130,11,control,female,0
130,12,control,female,1
130,13,control,female,1
130,14,control,female,1
131,1,control,male,0
131,2,control,male,0
131,3,control,male,1
131,4,control,male,0
131,5,control,male,0
131,6,control,male,0
131,7,control,male,1
131,8,control,male,0
131,9,control,male,0
131,10,control,male,0
131,11,control,male,0
131,12,control,male,0
131,13,control,male,0
131,14,control,male,0
132,1,control,male,0
132,2,control,male,1
132,3,control,male,0
132,4,control,male,1
132,5,control,male,1
132,6,control,male,0
132,7,control,male,0
132,8,control,male,0
132,9,control,male,0
132,10,control,male,0
132,11,control,male,1
132,12,control,male,0
132,13,control,male,0
132,14,control,male,0
133,1,treat,female,1
133,2,treat,female,1
133,3,treat,female,1
133,4,treat,female,1
133,5,treat,female,1
133,6,treat,female,1
133,7,treat,female,1
133,8,treat,female,1
133,9,treat,female,1
133,10,treat,female,1
133,11,treat,female,1
133,12,treat,female,1
133,13,treat,female,1
133,14,treat,female,1
134,1,control,female,1
134,2,control,female,0
134,3,control,female,0
134,4,control,female,1
134,5,control,female,1
134,6,control,female,1
134,7,control,female,0
134,8,control,female,0
134,9,control,female,0
134,10,control,female,1
134,11,control,female,0
134,12,control,female,0
134,13,control,female,0
134,14,control,female,0
135,1,treat,female,1
135,2,treat,female,1
135,3,treat,female,1
135,4,treat,female,0
135,5,treat,female,1
135,6,treat,female,1
135,7,treat,female,1
135,8,treat,female,1
135,9,treat,female,1
135,10,treat,female,1
135,11,treat,female,1
135,12,treat,female,1
135,13,treat,female,1
135,14,treat,female,1
136,1,control,male,0
136,2,control,male,0
136,3,control,male,0
136,4,control,male,1
136,5,control,male,0
136,6,control,male,1
136,7,control,male,0
136,8,control,male,1
136,9,control,male,0
136,10,control,male,0
136,11,control,male,0
136,12,control,male,1
136,13,control,male,1
136,14,control,male,0
137,1,treat,male,1
137,2,treat,male,1
137,3,treat,male,0
137,4,treat,male,0
137,5,treat,male,0
137,6,treat,male,0
137,7,treat,male,1
137,8,treat,male,1
137,9,treat,male,1
137,10,treat,male,1
137,11,treat,male,1
137,12,treat,male,0
137,13,treat,male,1
137,14,treat,male,1
138,1,treat,female,1
138,2,treat,female,1
138,3,treat,female,1
138,4,treat,female,1
138,5,treat,female,1
138,6,treat,female,1
138,7,treat,female,1
138,8,treat,female,1
138,9,treat,female,1
138,10,treat,female,1
138,11,treat,female,0
138,12,treat,female,1
138,13,treat,female,1
138,14,treat,female,0
139,1,treat,female,1
139,2,treat,female,1
139,3,treat,female,1
139,4,treat,female,1
139,5,treat,female,0
139,6,treat,female,1
139,7,treat,female,1
139,8,treat,female,1
139,9,treat,female,1
139,10,treat,female,1
139,11,treat,female,1
139,12,treat,female,1
139,13,treat,female,1
139,14,treat,female,1
140,1,control,male,1
140,2,control,male,0
140,3,control,male,0
140,4,control,male,0
140,5,control,male,0
140,6,control,male,0
140,7,control,male,1
140,8,control,male,0
140,9,control,male,0
140,10,control,male,1
140,11,control,male,0
140,12,control,male,0
140,13,control,male,1
140,14,control,male,0
141,1,treat,female,1
141,2,treat,female,1
141,3,treat,female,1
141,4,treat,female,1
141,5,treat,female,1
141,6,treat,female,1
141,7,treat,female,1
141,8,treat,female,0
141,9,treat,female,0
141,10,treat,female,1
141,11,treat,female,1
141,12,treat,female,0
141,13,treat,female,1
141,14,treat,female,1
142,1,control,female,0
142,2,control,female,1
142,3,control,female,0
142,4,control,female,0
142,5,control,female,0
142,6,control,female,1
142,7,control,female,0
142,8,control,female,0
142,9,control,female,0
142,10,control,female,0
142,11,control,female,0
142,12,control,female,1
142,13,control,female,0
142,14,control,female,1
143,1,control,male,1
143,2,control,male,0
143,3,control,male,1
143,4,control,male,0
143,5,control,male,0
143,6,control,male,1
143,7,control,male,0
143,8,control,male,0
143,9,control,male,0
143,10,control,male,0
143,11,control,male,0
143,12,control,male,1
143,13,control,male,0
143,14,control,male,0
144,1,treat,male,1
144,2,treat,male,1
144,3,treat,male,1
144,4,treat,male,0
144,5,treat,male,0
144,6,treat,male,1
144,7,treat,male,0
144,8,treat,male,1
144,9,treat,male,1
144,10,treat,male,0
144,11,treat,male,1
144,12,treat,male,1
144,13,treat,male,0
144,14,treat,male,0
145,1,control,female,1
145,2,control,female,1
145,3,control,female,1
145,4,control,female,0
145,5,control,female,0
145,6,control,female,1
145,7,control,female,0
145,8,control,female,1
145,9,control,female,0
145,10,control,female,0
145,11,control,female,1
145,12,control,female,1
145,13,control,female,0
145,14,control,female,1
146,1,treat,female,1
146,2,treat,female,1
146,3,treat,female,1
146,4,treat,female,1
146,5,treat,female,1
146,6,treat,female,1
146,7,treat,female,1
146,8,treat,female,1
146,9,treat,female,1
146,10,treat,female,1
146,11,treat,female,1
146,12,treat,female,1
146,13,treat,female,1
146,14,treat,female,1
147,1,treat,female,1
147,2,treat,female,1
147,3,treat,female,1
147,4,treat,female,1
147,5,treat,female,1
147,6,treat,female,1
147,7,treat,female,1
147,8,treat,female,1
147,9,treat,female,1
147,10,treat,female,1
147,11,treat,female,1
147,12,treat,female,1
147,13,treat,female,1
147,14,treat,female,1
148,1,treat,female,1
148,2,treat,female,1
148,3,treat,female,1
148,4,treat,female,1
148,5,treat,female,0
148,6,treat,female,1
148,7,treat,female,1
148,8,treat,female,1
148,9,treat,female,1
148,10,treat,female,1
148,11,treat,female,0
148,12,treat,female,1
148,13,treat,female,1
148,14,treat,female,1
149,1,control,female,1
149,2,control,female,0
149,3,control,female,1
149,4,control,female,0
149,5,control,female,1
149,6,control,female,1
149,7,control,female,1
149,8,control,female,0
149,9,control,female,0
149,10,control,female,0
149,11,control,female,0
149,12,control,female,0
149,13,control,female,0
149,14,control,female,1
150,1,control,male,1
150,2,control,male,0
150,3,control,male,0
150,4,control,male,1
150,5,control,male,0
150,6,control,male,0
150,7,control,male,0
150,8,control,male,0
150,9,control,male,0
150,10,control,male,1
150,11,control,male,0
150,12,control,male,0
150,13,control,male,0
150,14,control,male,0
151,1,treat,female,1
151,2,treat,female,1
151,3,treat,female,1
151,4,treat,female,1
151,5,treat,female,0
151,6,treat,female,1
151,7,treat,female,0
151,8,treat,female,1
151,9,treat,female,1
151,10,treat,female,0
151,11,treat,female,1
151,12,treat,female,0
151,13,treat,female,1
151,14,treat,female,1
152,1,control,female,0
152,2,control,female,0
152,3,control,female,1
152,4,control,female,1
152,5,control,female,1
152,6,control,female,1
152,7,control,female,0
152,8,control,female,1
152,9,control,female,1
152,10,control,female,1
152,11,control,female,0
152,12,control,female,1
152,13,control,female,1
152,14,control,female,0
153,1,control,female,0
153,2,control,female,0
153,3,control,female,1
153,4,control,female,1
153,5,control,female,1
153,6,control,female,0
153,7,control,female,0
153,8,control,female,0
153,9,control,female,0
153,10,control,female,1
153,11,control,female,0
153,12,control,female,0
153,13,control,female,1
153,14,control,female,0
154,1,control,male,0
154,2,control,male,0
154,3,control,male,0
154,4,control,male,0
154,5,control,male,1
154,6,control,male,1
154,7,control,male,0
154,8,control,male,0
154,9,control,male,0
154,10,control,male,1
154,11,control,male,1
154,12,control,male,0
154,13,control,male,1
154,14,control,male,1
155,1,control,female,0
155,2,control,female,1
155,3,control,female,0
155,4,control,female,0
155,5,control,female,0
155,6,control,female,0
155,7,control,female,0
155,8,control,female,0
155,9,control,female,1
155,10,control,female,0
155,11,control,female,0
155,12,control,female,0
155,13,control,female,1
155,14,control,female,0
156,1,treat,male,0
156,2,treat,male,1
156,3,treat,male,0
156,4,treat,male,1
156,5,treat,male,1
156,6,treat,male,0
156,7,treat,male,1
156,8,treat,male,0
156,9,treat,male,1
156,10,treat,male,0
156,11,treat,male,0
156,12,treat,male,0
156,13,treat,male,1
156,14,treat,male,1
157,1,treat,male,1
157,2,treat,male,1
157,3,treat,male,0
157,4,treat,male,1
157,5,treat,male,1
157,6,treat,male,1
157,7,treat,male,0
157,8,treat,male,0
157,9,treat,male,1
157,10,treat,male,0
157,11,treat,male,0
157,12,treat,male,0
157,13,treat,male,0
157,14,treat,male,0
158,1,treat,female,0
158,2,treat,female,1
158,3,treat,female,1
158,4,treat,female,0
158,5,treat,female,1
158,6,treat,female,1
158,7,treat,female,1
158,8,treat,female,1
158,9,treat,female,1
158,10,treat,female,1
158,11,treat,female,1
158,12,treat,female,1
158,13,treat,female,1
158,14,treat,female,1
159,1,treat,female,1
159,2,treat,female,0
159,3,treat,female,1
159,4,treat,female,1
159,5,treat,female,1
159,6,treat,female,1
159,7,treat,female,0
159,8,treat,female,1
159,9,treat,female,1
159,10,treat,female,1
159,11,treat,female,1
159,12,treat,female,1
159,13,treat,female,1
159,14,treat,female,0
160,1,treat,female,1
160,2,treat,female,1
160,3,treat,female,1
160,4,treat,female,0
160,5,treat,female,1
160,6,treat,female,1
160,7,treat,female,1
160,8,treat,female,1
160,9,treat,female,1
160,10,treat,female,0
160,11,treat,female,1
160,12,treat,female,1
160,13,treat,female,1
160,14,treat,female,1
161,1,control,female,1
161,2,control,female,1
161,3,control,female,1
161,4,control,female,1
161,5,control,female,1
161,6,control,female,0
161,7,control,female,0
161,8,control,female,1
161,9,control,female,0
161,10,control,female,1
161,11,control,female,0
161,12,control,female,1
161,13,control,female,0
161,14,control,female,1
162,1,control,female,0
162,2,control,female,0
162,3,control,female,0
162,4,control,female,1
162,5,control,female,0
162,6,control,female,1
162,7,control,female,0
162,8,control,female,1
162,9,control,female,0
162,10,control,female,0
162,11,control,female,1
162,12,control,female,1
162,13,control,female,1
162,14,control,female,0
163,1,control,male,0
163,2,control,male,0
163,3,control,male,0
163,4,control,male,1
163,5,control,male,0
163,6,control,male,1
163,7,control,male,1
163,8,control,male,1
163,9,control,male,1
163,10,control,male,0
163,11,control,male,1
163,12,control,male,1
163,13,control,male,0
163,14,control,male,0
164,1,treat,female,1
164,2,treat,female,1
164,3,treat,female,1
164,4,treat,female,1
164,5,treat,female,1
164,6,treat,female,1
164,7,treat,female,0
164,8,treat,female,1
164,9,treat,female,1
164,10,treat,female,0
164,11,treat,female,1
164,12,treat,female,1
164,13,treat,female,1
164,14,treat,female,1
165,1,control,male,0
165,2,control,male,1
165,3,control,male,0
165,4,control,male,0
165,5,control,male,0
165,6,control,male,0
165,7,control,male,0
165,8,control,male,0
165,9,control,male,0
165,10,control,male,0
165,11,control,male,0
165,12,control,male,1
165,13,control,male,0
165,14,control,male,1
166,1,control,male,0
166,2,control,male,0
166,3,control,male,0
166,4,control,male,0
166,5,control,male,1
166,6,control,male,0
166,7,control,male,0
166,8,control,male,0
166,9,control,male,0
166,10,control,male,1
166,11,control,male,0
166,12,control,male,0
166,13,control,male,1
166,14,control,male,1
167,1,treat,male,0
167,2,treat,male,0
167,3,treat,male,0
167,4,treat,male,0
167,5,treat,male,0
167,6,treat,male,0
167,7,treat,male,1
167,8,treat,male,0
167,9,treat,male,0
167,10,treat,male,1
167,11,treat,male,1
167,12,treat,male,0
167,13,treat,male,1
167,14,treat,male,1
168,1,control,female,0
168,2,control,female,1
168,3,control,female,0
168,4,control,female,0
168,5,control,female,1
168,6,control,female,0
168,7,control,female,0
168,8,control,female,0
168,9,control,female,0
168,10,control,female,0
168,11,control,female,1
168,12,control,female,0
168,13,control,female,0
168,14,control,female,0
169,1,control,female,1
169,2,control,female,1
169,3,control,female,1
169,4,control,female,1
169,5,control,female,0
169,6,control,female,0
169,7,control,female,0
169,8,control,female,1
169,9,control,female,1
169,10,control,female,0
169,11,control,female,0
169,12,control,female,0
169,13,control,female,0
169,14,control,female,1
170,1,treat,female,0
170,2,treat,female,0
170,3,treat,female,1
170,4,treat,female,1
170,5,treat,female,1
170,6,treat,female,1
170,7,treat,female,1
170,8,treat,female,1
170,9,treat,female,1
170,10,treat,female,1
170,11,treat,female,1
170,12,treat,female,1
170,13,treat,female,1
170,14,treat,female,0
171,1,control,male,0
171,2,control,male,0
171,3,control,male,0
171,4,control,male,0
171,5,control,male,0
171,6,control,male,0
171,7,control,male,1
171,8,control,male,0
171,9,control,male,0
171,10,control,male,0
171,11,control,male,0
171,12,control,male,0
171,13,control,male,0
171,14,control,male,0
172,1,control,male,0
172,2,control,male,0
172,3,control,male,0
172,4,control,male,1
172,5,control,male,0
172,6,control,male,0
172,7,control,male,0
172,8,control,male,0
172,9,control,male,1
172,10,control,male,1
172,11,control,male,0
172,12,control,male,0
172,13,control,male,1
172,14,control,male,0
173,1,treat,male,1
173,2,treat,male,1
173,3,treat,male,1
173,4,treat,male,1
173,5,treat,male,0
173,6,treat,male,0
173,7,treat,male,1
173,8,treat,male,0
173,9,treat,male,0
173,10,treat,male,1
173,11,treat,male,0
173,12,treat,male,0
173,13,treat,male,0
173,14,treat,male,0
174,1,control,female,1
174,2,control,female,0
174,3,control,female,1
174,4,control,female,1
174,5,control,female,1
174,6,control,female,0
174,7,control,female,1
174,8,control,female,0
174,9,control,female,0
174,10,control,female,0
174,11,control,female,0
174,12,control,female,0
174,13,control,female,0
174,14,control,female,0
175,1,control,female,0
175,2,control,female,1
175,3,control,female,1
175,4,control,female,1
175,5,control,female,1
175,6,control,female,0
175,7,control,female,1
175,8,control,female,1
175,9,control,female,0
175,10,control,female,1
175,11,control,female,0
175,12,control,female,0
175,13,control,female,0
175,14,control,female,0
176,1,treat,female,1
176,2,treat,female,0
176,3,treat,female,1
176,4,treat,female,0
176,5,treat,female,1
176,6,treat,female,1
176,7,treat,female,0
176,8,treat,female,0
176,9,treat,female,1
176,10,treat,female,1
176,11,treat,female,1
176,12,treat,female,0
176,13,treat,female,1
176,14,treat,female,1
177,1,treat,female,0
177,2,treat,female,1
177,3,treat,female,1
177,4,treat,female,1
177,5,treat,female,1
177,6,treat,female,1
177,7,treat,female,1
177,8,treat,female,1
177,9,treat,female,1
177,10,treat,female,0
177,11,treat,female,1
177,12,treat,female,1
177,13,treat,female,1
177,14,treat,female,1
178,1,treat,male,1
178,2,treat,male,1
178,3,treat,male,0
178,4,treat,male,0
178,5,treat,male,1
178,6,treat,male,1
178,7,treat,male,0
178,8,treat,male,1
178,9,treat,male,0
178,10,treat,male,1
178,11,treat,male,0
178,12,treat,male,1
178,13,treat,male,0
178,14,treat,male,0
179,1,treat,female,1
179,2,treat,female,0
179,3,treat,female,1
179,4,treat,female,1
179,5,treat,female,1
179,6,treat,female,1
179,7,treat,female,1
179,8,treat,female,1
179,9,treat,female,1
179,10,treat,female,1
179,11,treat,female,1
179,12,treat,female,1
179,13,treat,female,1
179,14,treat,female,1
180,1,control,female,1
180,2,control,female,0
180,3,control,female,1
180,4,control,female,1
180,5,control,female,1
180,6,control,female,0
180,7,control,female,0
180,8,control,female,1
180,9,control,female,0
180,10,control,female,0
180,11,control,female,0
180,12,control,female,0
180,13,control,female,1
180,14,control,female,1
181,1,treat,female,1
181,2,treat,female,1
181,3,treat,female,1
181,4,treat,female,1
181,5,treat,female,1
181,6,treat,female,1
181,7,treat,female,1
181,8,treat,female,1
181,9,treat,female,1
181,10,treat,female,1
181,11,treat,female,1
181,12,treat,female,1
181,13,treat,female,0
181,14,treat,female,1
182,1,control,female,0
182,2,control,female,1
182,3,control,female,0
182,4,control,female,0
182,5,control,female,0
182,6,control,female,0
182,7,control,female,0
182,8,control,female,0
182,9,control,female,0
182,10,control,female,0
182,11,control,female,1
182,12,control,female,0
182,13,control,female,0
182,14,control,female,0
183,1,control,female,0
183,2,control,female,1
183,3,control,female,1
183,4,control,female,1
183,5,control,female,1
183,6,control,female,0
183,7,control,female,1
183,8,control,female,1
183,9,control,female,1
183,10,control,female,1
183,11,control,female,0
183,12,control,female,1
183,13,control,female,1
183,14,control,female,0
184,1,control,male,0
184,2,control,male,0
184,3,control,male,1
184,4,control,male,0
184,5,control,male,1
184,6,control,male,0
184,7,control,male,0
184,8,control,male,0
184,9,control,male,0
184,10,control,male,1
184,11,control,male,0
184,12,control,male,0
184,13,control,male,1
184,14,control,male,0
185,1,control,female,1
185,2,control,female,1
185,3,control,female,0
185,4,control,female,1
185,5,control,female,0
185,6,control,female,0
185,7,control,female,1
185,8,control,female,1
185,9,control,female,0
185,10,control,female,1
185,11,control,female,1
185,12,control,female,1
185,13,control,female,1
185,14,control,female,0
186,1,control,male,0
186,2,control,male,1
186,3,control,male,0
186,4,control,male,0
186,5,control,male,1
186,6,control,male,0
186,7,control,male,0
186,8,control,male,1
186,9,control,male,0
186,10,control,male,0
186,11,control,male,0
186,12,control,male,0
186,13,control,male,0
186,14,control,male,0
187,1,treat,male,1
187,2,treat,male,0
187,3,treat,male,1
187,4,treat,male,0
187,5,treat,male,1
187,6,treat,male,1
187,7,treat,male,0
187,8,treat,male,0
187,9,treat,male,1
187,10,treat,male,0
187,11,treat,male,1
187,12,treat,male,0
187,13,treat,male,1
187,14,treat,male,0
188,1,control,male,0
188,2,control,male,0
188,3,control,male,0
188,4,control,male,1
188,5,control,male,1
188,6,control,male,0
188,7,control,male,1
188,8,control,male,0
188,9,control,male,1
188,10,control,male,0
188,11,control,male,0
188,12,control,male,1
188,13,control,male,0
188,14,control,male,0
189,1,treat,male,0
189,2,treat,male,1
189,3,treat,male,1
189,4,treat,male,0
189,5,treat,male,1
189,6,treat,male,0
189,7,treat,male,0
189,8,treat,male,0
189,9,treat,male,0
189,10,treat,male,1
189,11,treat,male,0
189,12,treat,male,1
189,13,treat,male,1
189,14,treat,male,0
190,1,control,male,0
190,2,control,male,0
190,3,control,male,1
190,4,control,male,0
190,5,control,male,1
190,6,control,male,0
190,7,control,male,1
190,8,control,male,0
190,9,control,male,0
190,10,control,male,0
190,11,control,male,0
190,12,control,male,0
190,13,control,male,1
190,14,control,male,0
191,1,control,male,1
191,2,control,male,0
191,3,control,male,0
191,4,control,male,0
191,5,control,male,0
191,6,control,male,0
191,7,control,male,0
191,8,control,male,1
191,9,control,male,0
191,10,control,male,1
191,11,control,male,1
191,12,control,male,0
191,13,control,male,0
191,14,control,male,0
192,1,treat,male,1
192,2,treat,male,0
192,3,treat,male,0
192,4,treat,male,0
192,5,treat,male,0
192,6,treat,male,1
192,7,treat,male,0
192,8,treat,male,0
192,9,treat,male,0
192,10,treat,male,1
192,11,treat,male,0
192,12,treat,male,1
192,13,treat,male,1
192,14,treat,male,0
193,1,control,male,0
193,2,control,male,0
193,3,control,male,1
193,4,control,male,0
193,5,control,male,1
193,6,control,male,1
193,7,control,male,0
193,8,control,male,0
193,9,control,male,0
193,10,control,male,1
193,11,control,male,0
193,12,control,male,0
193,13,control,male,0
193,14,control,male,0
194,1,treat,female,1
194,2,treat,female,1
194,3,treat,female,0
194,4,treat,female,1
194,5,treat,female,1
194,6,treat,female,1
194,7,treat,female,1
194,8,treat,female,0
194,9,treat,female,1
194,10,treat,female,1
194,11,treat,female,1
194,12,treat,female,1
194,13,treat,female,1
194,14,treat,female,1
195,1,treat,male,0
195,2,treat,male,0
195,3,treat,male,1
195,4,treat,male,1
195,5,treat,male,1
195,6,treat,male,1
195,7,treat,male,0
195,8,treat,male,0
195,9,treat,male,0
195,10,treat,male,1
195,11,treat,male,1
195,12,treat,male,1
195,13,treat,male,1
195,14,treat,male,0
196,1,treat,female,0
196,2,treat,female,1
196,3,treat,female,1
196,4,treat,female,1
196,5,treat,female,1
196,6,treat,female,1
196,7,treat,female,1
196,8,treat,female,0
196,9,treat,female,1
196,10,treat,female,1
196,11,treat,female,1
196,12,treat,female,1
196,13,treat,female,1
196,14,treat,female,1
197,1,control,male,0
197,2,control,male,1
197,3,control,male,1
197,4,control,male,0
197,5,control,male,0
197,6,control,male,0
197,7,control,male,0
197,8,control,male,1
197,9,control,male,1
197,10,control,male,0
197,11,control,male,0
197,12,control,male,0
197,13,control,male,0
197,14,control,male,0
198,1,treat,female,0
198,2,treat,female,1
198,3,treat,female,1
198,4,treat,female,1
198,5,treat,female,1
198,6,treat,female,0
198,7,treat,female,1
198,8,treat,female,1
198,9,treat,female,1
198,10,treat,female,1
198,11,treat,female,1
198,12,treat,female,1
198,13,treat,female,1
198,14,treat,female,1
199,1,control,female,1
199,2,control,female,0
199,3,control,female,0
199,4,control,female,1
199,5,control,female,0
199,6,control,female,0
199,7,control,female,1
199,8,control,female,1
199,9,control,female,1
199,10,control,female,1
199,11,control,female,0
199,12,control,female,0
199,13,control,female,0
199,14,control,female,1
200,1,control,male,0
200,2,control,male,0
200,3,control,male,0
200,4,control,male,1
200,5,control,male,0
200,6,control,male,0
200,7,control,male,0
200,8,control,male,1
200,9,control,male,0
200,10,control,male,0
200,11,control,male,0
200,12,control,male,0
200,13,control,male,0
200,14,control,male,1
201,1,treat,male,0
201,2,treat,male,1
201,3,treat,male,1
201,4,treat,male,0
201,5,treat,male,0
201,6,treat,male,1
201,7,treat,male,0
201,8,treat,male,1
201,9,treat,male,1
201,10,treat,male,0
201,11,treat,male,0
201,12,treat,male,0
201,13,treat,male,1
201,14,treat,male,0
202,1,treat,female,1
202,2,treat,female,0
202,3,treat,female,0
202,4,treat,female,0
202,5,treat,female,1
202,6,treat,female,1
202,7,treat,female,1
202,8,treat,female,1
202,9,treat,female,1
202,10,treat,female,0
202,11,treat,female,1
202,12,treat,female,1
202,13,treat,female,1
202,14,treat,female,1
203,1,control,female,0
203,2,control,female,1
203,3,control,female,0
203,4,control,female,1
203,5,control,female,1
203,6,control,female,1
203,7,control,female,0
203,8,control,female,0
203,9,control,female,1
203,10,control,female,1
203,11,control,female,0
203,12,control,female,0
203,13,control,female,0
203,14,control,female,1
204,1,treat,male,1
204,2,treat,male,1
204,3,treat,male,0
204,4,treat,male,0
204,5,treat,male,0
204,6,treat,male,0
204,7,treat,male,0
204,8,treat,male,1
204,9,treat,male,1
204,10,treat,male,0
204,11,treat,male,1
204,12,treat,male,0
204,13,treat,male,0
204,14,treat,male,1
205,1,treat,male,0
205,2,treat,male,0
205,3,treat,male,0
205,4,treat,male,1
205,5,treat,male,0
205,6,treat,male,0
205,7,treat,male,1
205,8,treat,male,1
205,9,treat,male,1
205,10,treat,male,0
205,11,treat,male,1
205,12,treat,male,1
205,13,treat,male,0
205,14,treat,male,0
206,1,treat,male,1
206,2,treat,male,1
206,3,treat,male,1
206,4,treat,male,0
206,5,treat,male,1
206,6,treat,male,1
206,7,treat,male,1
206,8,treat,male,0
206,9,treat,male,1
206,10,treat,male,1
206,11,treat,male,0
206,12,treat,male,0
206,13,treat,male,0
206,14,treat,male,0
207,1,control,female,0
207,2,control,female,0
207,3,control,female,0
207,4,control,female,1
207,5,control,female,0
207,6,control,female,0
207,7,control,female,1
207,8,control,female,1
207,9,control,female,0
207,10,control,female,0
207,11,control,female,0
207,12,control,female,1
207,13,control,female,0
207,14,control,female,1
208,1,control,female,0
208,2,control,female,1
208,3,control,female,0
208,4,control,female,0
208,5,control,female,1
208,6,control,female,1
208,7,control,female,0
208,8,control,female,1
208,9,control,female,0
208,10,control,female,0
208,11,control,female,0
208,12,control,female,0
208,13,control,female,0
208,14,control,female,0
209,1,treat,female,1
209,2,treat,female,1
209,3,treat,female,0
209,4,treat,female,1
209,5,treat,female,0
209,6,treat,female,1
209,7,treat,female,1
209,8,treat,female,1
209,9,treat,female,1
209,10,treat,female,1
209,11,treat,female,1
209,12,treat,female,1
209,13,treat,female,1
209,14,treat,female,1
210,1,control,female,0
210,2,control,female,0
210,3,control,female,0
210,4,control,female,1
210,5,control,female,0
210,6,control,female,0
210,7,control,female,1
210,8,control,female,0
210,9,control,female,1
210,10,control,female,1
210,11,control,female,1
210,12,control,female,0
210,13,control,female,1
210,14,control,female,0
211,1,control,male,0
211,2,control,male,0
211,3,control,male,0
211,4,control,male,0
211,5,control,male,0
211,6,control,male,0
211,7,control,male,0
211,8,control,male,0
211,9,control,male,1
211,10,control,male,1
211,11,control,male,1
211,12,control,male,0
211,13,control,male,0
211,14,control,male,1
212,1,control,male,0
212,2,control,male,0
212,3,control,male,0
212,4,control,male,1
212,5,control,male,1
212,6,control,male,0
212,7,control,male,1
212,8,control,male,1
212,9,control,male,0
212,10,control,male,1
212,11,control,male,0
212,12,control,male,0
212,13,control,male,0
212,14,control,male,0
213,1,control,female,0
213,2,control,female,0
213,3,control,female,1
213,4,control,female,0
213,5,control,female,1
213,6,control,female,1
213,7,control,female,1
213,8,control,female,0
213,9,control,female,0
213,10,control,female,0
213,11,control,female,0
213,12,control,female,0
213,13,control,female,1
213,14,control,female,0
214,1,treat,male,1
214,2,treat,male,1
214,3,treat,male,1
214,4,treat,male,1
214,5,treat,male,0
214,6,treat,male,1
214,7,treat,male,0
214,8,treat,male,0
214,9,treat,male,1
214,10,treat,male,1
214,11,treat,male,1
214,12,treat,male,1
214,13,treat,male,1
214,14,treat,male,0
215,1,control,female,1
215,2,control,female,0
215,3,control,female,0
215,4,control,female,0
215,5,control,female,1
215,6,control,female,0
215,7,control,female,0
215,8,control,female,1
215,9,control,female,0
215,10,control,female,1
215,11,control,female,1
215,12,control,female,0
215,13,control,female,0
215,14,control,female,1
216,1,control,male,0
216,2,control,male,0
216,3,control,male,0
216,4,control,male,0
216,5,control,male,0
216,6,control,male,1
216,7,control,male,0
216,8,control,male,1
216,9,control,male,0
216,10,control,male,0
216,11,control,male,1
216,12,control,male,1
216,13,control,male,0
216,14,control,male,0
217,1,control,female,0
217,2,control,female,0
217,3,control,female,0
217,4,control,female,0
217,5,control,female,0
217,6,control,female,1
217,7,control,female,0
217,8,control,female,0
217,9,control,female,0
217,10,control,female,1
217,11,control,female,1
217,12,control,female,0
217,13,control,female,1
217,14,control,female,0
218,1,treat,male,0
218,2,treat,male,0
218,3,treat,male,1
218,4,treat,male,0
218,5,treat,male,0
218,6,treat,male,0
218,7,treat,male,1
218,8,treat,male,0
218,9,treat,male,1
218,10,treat,male,1
218,11,treat,male,0
218,12,treat,male,0
218,13,treat,male,1
218,14,treat,male,1
219,1,treat,male,0
219,2,treat,male,1
219,3,treat,male,0
219,4,treat,male,1
219,5,treat,male,0
219,6,treat,male,0
219,7,treat,male,1
219,8,treat,male,1
219,9,treat,male,1
219,10,treat,male,0
219,11,treat,male,1
219,12,treat,male,1
219,13,treat,male,1
219,14,treat,male,0
220,1,control,female,1
220,2,control,female,0
220,3,control,female,1
220,4,control,female,1
220,5,control,female,0
220,6,control,female,0
220,7,control,female,0
220,8,control,female,0
220,9,control,female,0
220,10,control,female,1
220,11,control,female,1
220,12,control,female,0
220,13,control,female,0
220,14,control,female,0
221,1,treat,male,0
221,2,treat,male,0
221,3,treat,male,1
221,4,treat,male,0
221,5,treat,male,0
221,6,treat,male,1
221,7,treat,male,0
221,8,treat,male,0
221,9,treat,male,0
221,10,treat,male,0
221,11,treat,male,0
221,12,treat,male,1
221,13,treat,male,1
221,14,treat,male,1
222,1,treat,female,1
222,2,treat,female,1
222,3,treat,female,1
222,4,treat,female,1
222,5,treat,female,0
222,6,treat,female,1
222,7,treat,female,1
222,8,treat,female,1
222,9,treat,female,1
222,10,treat,female,1
222,11,treat,female,1
222,12,treat,female,1
222,13,treat,female,0
222,14,treat,female,1
223,1,treat,male,0
223,2,treat,male,0
223,3,treat,male,1
223,4,treat,male,0
223,5,treat,male,0
223,6,treat,male,1
223,7,treat,male,0
223,8,treat,male,0
223,9,treat,male,0
223,10,treat,male,0
223,11,treat,male,0
223,12,treat,male,0
223,13,treat,male,1
223,14,treat,male,0
224,1,treat,male,1
224,2,treat,male,0
224,3,treat,male,0
224,4,treat,male,1
224,5,treat,male,1
224,6,treat,male,1
224,7,treat,male,1
224,8,treat,male,1
224,9,treat,male,0
224,10,treat,male,0
224,11,treat,male,0
224,12,treat,male,0
224,13,treat,male,1
224,14,treat,male,1
225,1,treat,female,1
225,2,treat,female,1
225,3,treat,female,1
225,4,treat,female,1
225,5,treat,female,1
225,6,treat,female,1
225,7,treat,female,1
225,8,treat,female,1
225,9,treat,female,0
225,10,treat,female,1
225,11,treat,female,0
225,12,treat,female,1
225,13,treat,female,1
225,14,treat,female,0
226,1,control,female,1
226,2,control,female,1
226,3,control,female,1
226,4,control,female,1
226,5,control,female,1
226,6,control,female,1
226,7,control,female,1
226,8,control,female,1
226,9,control,female,0
226,10,control,female,1
226,11,control,female,0
226,12,control,female,0
226,13,control,female,1
226,14,control,female,1
227,1,treat,female,1
227,2,treat,female,1
227,3,treat,female,0
227,4,treat,female,1
227,5,treat,female,1
227,6,treat,female,1
227,7,treat,female,1
227,8,treat,female,1
227,9,treat,female,1
227,10,treat,female,1
227,11,treat,female,1
227,12,treat,female,1
227,13,treat,female,1
227,14,treat,female,1
228,1,control,female,1
228,2,control,female,1
228,3,control,female,1
228,4,control,female,0
228,5,control,female,1
228,6,control,female,0
228,7,control,female,0
228,8,control,female,0
228,9,control,female,1
228,10,control,female,0
228,11,control,female,1
228,12,control,female,1
228,13,control,female,0
228,14,control,female,0
229,1,control,female,1
229,2,control,female,0
229,3,control,female,1
229,4,control,female,0
229,5,control,female,0
229,6,control,female,1
229,7,control,female,1
229,8,control,female,0
229,9,control,female,0
229,10,control,female,0
229,11,control,female,0
229,12,control,female,0
229,13,control,female,0
229,14,control,female,0
230,1,treat,female,1
230,2,treat,female,1
230,3,treat,female,1
230,4,treat,female,1
230,5,treat,female,1
230,6,treat,female,1
230,7,treat,female,1
230,8,treat,female,1
230,9,treat,female,1
230,10,treat,female,1
230,11,treat,female,0
230,12,treat,female,1
230,13,treat,female,1
230,14,treat,female,0
231,1,control,male,0
231,2,control,male,0
231,3,control,male,0
231,4,control,male,1
231,5,control,male,1
231,6,control,male,1
231,7,control,male,0
231,8,control,male,0
231,9,control,male,0
231,10,control,male,0
231,11,control,male,0
231,12,control,male,0
231,13,control,male,0
231,14,control,male,0
232,1,control,female,1
232,2,control,female,1
232,3,control,female,1
232,4,control,female,0
232,5,control,female,0
232,6,control,female,0
232,7,control,female,1
232,8,control,female,0
232,9,control,female,0
232,10,control,female,0
232,11,control,female,0
232,12,control,female,0
232,13,control,female,0
232,14,control,female,0
233,1,control,female,1
233,2,control,female,1
233,3,control,female,0
233,4,control,female,1
233,5,control,female,0
233,6,control,female,1
233,7,control,female,0
233,8,control,female,0
233,9,control,female,1
233,10,control,female,0
233,11,control,female,1
233,12,control,female,0
233,13,control,female,0
233,14,control,female,0
234,1,control,female,0
234,2,control,female,1
234,3,control,female,1
234,4,control,female,1
234,5,control,female,0
234,6,control,female,0
234,7,control,female,0
234,8,control,female,0
234,9,control,female,0
234,10,control,female,1
234,11,control,female,0
234,12,control,female,0
234,13,control,female,1
234,14,control,female,0
235,1,control,female,0
235,2,control,female,0
235,3,control,female,0
235,4,control,female,0
235,5,control,female,1
235,6,control,female,0
235,7,control,female,0
235,8,control,female,0
235,9,control,female,0
235,10,control,female,0
235,11,control,female,1
235,12,control,female,1
235,13,control,female,0
235,14,control,female,0
236,1,treat,male,0
236,2,treat,male,1
236,3,treat,male,1
236,4,treat,male,1
236,5,treat,male,0
236,6,treat,male,0
236,7,treat,male,1
236,8,treat,male,1
236,9,treat,male,0
236,10,treat,male,0
236,11,treat,male,1
236,12,treat,male,1
236,13,treat,male,0
236,14,treat,male,1
237,1,treat,male,0
237,2,treat,male,0
237,3,treat,male,0
237,4,treat,male,1
237,5,treat,male,0
237,6,treat,male,1
237,7,treat,male,1
237,8,treat,male,1
237,9,treat,male,1
237,10,treat,male,0
237,11,treat,male,1
237,12,treat,male,1
237,13,treat,male,0
237,14,treat,male,0
238,1,treat,female,1
238,2,treat,female,1
238,3,treat,female,1
238,4,treat,female,1
238,5,treat,female,1
238,6,treat,female,1
238,7,treat,female,1
238,8,treat,female,1
238,9,treat,female,1
238,10,treat,female,1
238,11,treat,female,1
238,12,treat,female,0
238,13,treat,female,0
238,14,treat,female,1
239,1,treat,female,1
239,2,treat,female,1
239,3,treat,female,1
239,4,treat,female,1
239,5,treat,female,1
239,6,treat,female,1
239,7,treat,female,1
239,8,treat,female,1
239,9,treat,female,1
239,10,treat,female,1
239,11,treat,female,0
239,12,treat,female,1
239,13,treat,female,1
239,14,treat,female,1
240,1,treat,male,1
240,2,treat,male,0
240,3,treat,male,0
240,4,treat,male,0
240,5,treat,male,0
240,6,treat,male,1
240,7,treat,male,0
240,8,treat,male,0
240,9,treat,male,0
240,10,treat,male,0
240,11,treat,male,0
240,12,treat,male,1
240,13,treat,male,1
240,14,treat,male,0
241,1,treat,female,1
241,2,treat,female,0
241,3,treat,female,1
241,4,treat,female,1
241,5,treat,female,1
241,6,treat,female,1
241,7,treat,female,1
241,8,treat,female,1
241,9,treat,female,1
241,10,treat,female,1
241,11,treat,female,1
241,12,treat,female,1
241,13,treat,female,1
241,14,treat,female,1
242,1,treat,male,1
242,2,treat,male,1
242,3,treat,male,1
242,4,treat,male,1
242,5,treat,male,0
242,6,treat,male,1
242,7,treat,male,0
242,8,treat,male,1
242,9,treat,male,0
242,10,treat,male,1
242,11,treat,male,0
242,12,treat,male,1
242,13,treat,male,0
242,14,treat,male,0
243,1,control,female,0
243,2,control,female,0
243,3,control,female,0
243,4,control,female,1
243,5,control,female,0
243,6,control,female,0
243,7,control,female,1
243,8,control,female,1
243,9,control,female,1
243,10,control,female,1
243,11,control,female,0
243,12,control,female,0
243,13,control,female,1
243,14,control,female,0
244,1,treat,male,0
244,2,treat,male,1
244,3,treat,male,0
244,4,treat,male,1
244,5,treat,male,1
244,6,treat,male,1
244,7,treat,male,0
244,8,treat,male,1
244,9,treat,male,1
244,10,treat,male,0
244,11,treat,male,0
244,12,treat,male,0
244,13,treat,male,1
244,14,treat,male,1
245,1,control,male,0
245,2,control,male,0
245,3,control,male,1
245,4,control,male,0
245,5,control,male,1
245,6,control,male,1
245,7,control,male,0
245,8,control,male,0
245,9,control,male,0
245,10,control,male,1
245,11,control,male,1
245,12,control,male,0
245,13,control,male,0
245,14,control,male,0
246,1,treat,female,1
246,2,treat,female,1
246,3,treat,female,1
246,4,treat,female,1
246,5,treat,female,1
246,6,treat,female,1
246,7,treat,female,1
246,8,treat,female,1
246,9,treat,female,1
246,10,treat,female,1
246,11,treat,female,1
246,12,treat,female,1
246,13,treat,female,1
246,14,treat,female,1
247,1,control,female,0
247,2,control,female,0
247,3,control,female,0
247,4,control,female,1
247,5,control,female,0
247,6,control,female,0
247,7,control,female,0
247,8,control,female,0
247,9,control,female,0
247,10,control,female,1
247,11,control,female,1
247,12,control,female,0
247,13,control,female,0
247,14,control,female,1
248,1,treat,female,1
248,2,treat,female,1
248,3,treat,female,1
248,4,treat,female,1
248,5,treat,female,1
248,6,treat,female,1
248,7,treat,female,1
248,8,treat,female,1
248,9,treat,female,1
248,10,treat,female,1
248,11,treat,female,1
248,12,treat,female,1
248,13,treat,female,1
248,14,treat,female,1
249,1,control,male,1
249,2,control,male,1
249,3,control,male,1
249,4,control,male,0
249,5,control,male,0
249,6,control,male,0
249,7,control,male,0
249,8,control,male,0
249,9,control,male,1
249,10,control,male,0
249,11,control,male,0
249,12,control,male,0
249,13,control,male,0
249,14,control,male,0
250,1,treat,male,1
250,2,treat,male,0
250,3,treat,male,0
250,4,treat,male,0
250,5,treat,male,0
250,6,treat,male,0
250,7,treat,male,1
250,8,treat,male,1
250,9,treat,male,0
250,10,treat,male,1
250,11,treat,male,0
250,12,treat,male,0
250,13,treat,male,0
250,14,treat,male,1
