tank,lizard,day,group,sex,eat
1,1,1,control,female,0
1,1,2,control,female,0
1,1,3,control,female,1
1,1,4,control,female,0
1,1,5,control,female,0
1,1,6,control,female,0
1,1,7,control,female,0
1,1,8,control,female,0
1,1,9,control,female,1
1,1,10,control,female,1
1,1,11,control,female,1
1,1,12,control,female,0
1,1,13,control,female,0
1,1,14,control,female,0
1,2,1,treat,male,0
1,2,2,treat,male,1
1,2,3,treat,male,0
1,2,4,treat,male,1
1,2,5,treat,male,0
1,2,6,treat,male,1
1,2,7,treat,male,1
1,2,8,treat,male,1
1,2,9,treat,male,1
1,2,10,treat,male,1
1,2,11,treat,male,0
1,2,12,treat,male,0
1,2,13,treat,male,0
1,2,14,treat,male,0
1,3,1,control,female,1
1,3,2,control,female,0
1,3,3,control,female,0
1,3,4,control,female,0
1,3,5,control,female,0
1,3,6,control,female,1
1,3,7,control,female,0
1,3,8,control,female,1
1,3,9,control,female,0
1,3,10,control,female,0
1,3,11,control,female,1
1,3,12,control,female,1
1,3,13,control,female,1
1,3,14,control,female,0
1,4,1,control,female,0
1,4,2,control,female,1
1,4,3,control,female,0
1,4,4,control,female,0
1,4,5,control,female,1
1,4,6,control,female,1
1,4,7,control,female,0
1,4,8,control,female,0
1,4,9,control,female,1
1,4,10,control,female,1
1,4,11,control,female,0
1,4,12,control,female,0
1,4,13,control,female,0
1,4,14,control,female,1
1,5,1,treat,female,1
1,5,2,treat,female,1
1,5,3,treat,female,1
1,5,4,treat,female,1
1,5,5,treat,female,1
1,5,6,treat,female,1
1,5,7,treat,female,1
1,5,8,treat,female,0
1,5,9,treat,female,1
1,5,10,treat,female,1
1,5,11,treat,female,1
1,5,12,treat,female,1
1,5,13,treat,female,0
1,5,14,treat,female,1
1,6,1,control,female,0
1,6,2,control,female,1
1,6,3,control,female,1
1,6,4,control,female,1
1,6,5,control,female,0
1,6,6,control,female,0
1,6,7,control,female,1
1,6,8,control,female,1
1,6,9,control,female,0
1,6,10,control,female,1
1,6,11,control,female,1
1,6,12,control,female,1
1,6,13,control,female,0
1,6,14,control,female,1
1,7,1,control,male,0
1,7,2,control,male,0
1,7,3,control,male,0
1,7,4,control,male,1
1,7,5,control,male,1
1,7,6,control,male,0
1,7,7,control,male,0
1,7,8,control,male,1
1,7,9,control,male,0
1,7,10,control,male,0
1,7,11,control,male,1
1,7,12,control,male,1
1,7,13,control,male,0
1,7,14,control,male,1
1,8,1,control,female,1
1,8,2,control,female,1
1,8,3,control,female,0
1,8,4,control,female,1
1,8,5,control,female,1
1,8,6,control,female,1
1,8,7,control,female,0
1,8,8,control,female,0
1,8,9,control,female,0
1,8,10,control,female,0
1,8,11,control,female,0
1,8,12,control,female,1
1,8,13,control,female,1
1,8,14,control,female,1
1,9,1,treat,female,1
1,9,2,treat,female,1
1,9,3,treat,female,1
1,9,4,treat,female,1
1,9,5,treat,female,1
1,9,6,treat,female,0
1,9,7,treat,female,1
1,9,8,treat,female,1
1,9,9,treat,female,1
1,9,10,treat,female,1
1,9,11,treat,female,1
1,9,12,treat,female,1
1,9,13,treat,female,1
1,9,14,treat,female,1
1,10,1,treat,male,1
1,10,2,treat,male,1
1,10,3,treat,male,1
1,10,4,treat,male,1
1,10,5,treat,male,1
1,10,6,treat,male,1
1,10,7,treat,male,1
1,10,8,treat,male,0
1,10,9,treat,male,1
1,10,10,treat,male,1
1,10,11,treat,male,0
1,10,12,treat,male,1
1,10,13,treat,male,1
1,10,14,treat,male,1
2,11,1,control,male,0
2,11,2,control,male,0
2,11,3,control,male,1
2,11,4,control,male,1
2,11,5,control,male,0
2,11,6,control,male,0
2,11,7,control,male,0
2,11,8,control,male,0
2,11,9,control,male,1
2,11,10,control,male,0
2,11,11,control,male,0
2,11,12,control,male,0
2,11,13,control,male,0
2,11,14,control,male,0
2,12,1,control,female,0
2,12,2,control,female,0
2,12,3,control,female,0
2,12,4,control,female,0
2,12,5,control,female,0
2,12,6,control,female,1
2,12,7,control,female,0
2,12,8,control,female,1
2,12,9,control,female,0
2,12,10,control,female,1
2,12,11,control,female,1
2,12,12,control,female,1
2,12,13,control,female,0
2,12,14,control,female,1
2,13,1,control,female,1
2,13,2,control,female,0
2,13,3,control,female,1
2,13,4,control,female,0
2,13,5,control,female,0
2,13,6,control,female,0
2,13,7,control,female,1
2,13,8,control,female,0
2,13,9,control,female,0
2,13,10,control,female,0
2,13,11,control,female,0
2,13,12,control,female,1
2,13,13,control,female,0
2,13,14,control,female,1
2,14,1,control,female,1
2,14,2,control,female,1
2,14,3,control,female,1
2,14,4,control,female,0
2,14,5,control,female,1
2,14,6,control,female,0
2,14,7,control,female,0
2,14,8,control,female,1
2,14,9,control,female,0
2,14,10,control,female,0
2,14,11,control,female,1
2,14,12,control,female,0
2,14,13,control,female,1
2,14,14,control,female,1
2,15,1,control,female,1
2,15,2,control,female,1
2,15,3,control,female,0
2,15,4,control,female,1
2,15,5,control,female,0
2,15,6,control,female,1
2,15,7,control,female,0
2,15,8,control,female,1
2,15,9,control,female,1
2,15,10,control,female,1
2,15,11,control,female,1
2,15,12,control,female,1
2,15,13,control,female,0
2,15,14,control,female,1
2,16,1,treat,male,1
2,16,2,treat,male,1
2,16,3,treat,male,0
2,16,4,treat,male,0
2,16,5,treat,male,1
2,16,6,treat,male,0
2,16,7,treat,male,1
2,16,8,treat,male,0
2,16,9,treat,male,1
2,16,10,treat,male,0
2,16,11,treat,male,1
2,16,12,treat,male,1
2,16,13,treat,male,1
2,16,14,treat,male,0
2,17,1,treat,female,1
2,17,2,treat,female,0
2,17,3,treat,female,1
2,17,4,treat,female,1
2,17,5,treat,female,0
2,17,6,treat,female,0
2,17,7,treat,female,0
2,17,8,treat,female,0
2,17,9,treat,female,1
2,17,10,treat,female,0
2,17,11,treat,female,1
2,17,12,treat,female,1
2,17,13,treat,female,0
2,17,14,treat,female,1
2,18,1,treat,female,1
2,18,2,treat,female,1
2,18,3,treat,female,0
2,18,4,treat,female,1
2,18,5,treat,female,1
2,18,6,treat,female,1
2,18,7,treat,female,1
2,18,8,treat,female,1
2,18,9,treat,female,1
2,18,10,treat,female,1
2,18,11,treat,female,1
2,18,12,treat,female,1
2,18,13,treat,female,1
2,18,14,treat,female,1
2,19,1,treat,male,1
2,19,2,treat,male,1
2,19,3,treat,male,1
2,19,4,treat,male,1
2,19,5,treat,male,0
2,19,6,treat,male,1
2,19,7,treat,male,0
2,19,8,treat,male,1
2,19,9,treat,male,1
2,19,10,treat,male,0
2,19,11,treat,male,1
2,19,12,treat,male,1
2,19,13,treat,male,1
2,19,14,treat,male,1
2,20,1,control,male,0
2,20,2,control,male,0
2,20,3,control,male,0
2,20,4,control,male,0
2,20,5,control,male,0
2,20,6,control,male,1
2,20,7,control,male,0
2,20,8,control,male,0
2,20,9,control,male,0
2,20,10,control,male,0
2,20,11,control,male,0
2,20,12,control,male,0
2,20,13,control,male,0
2,20,14,control,male,0
3,21,1,control,male,0
3,21,2,control,male,0
3,21,3,control,male,0
3,21,4,control,male,0
3,21,5,control,male,0
3,21,6,control,male,0
3,21,7,control,male,0
3,21,8,control,male,0
3,21,9,control,male,1
3,21,10,control,male,0
3,21,11,control,male,0
3,21,12,control,male,1
3,21,13,control,male,0
3,21,14,control,male,0
3,22,1,control,male,0
3,22,2,control,male,1
3,22,3,control,male,0
3,22,4,control,male,1
3,22,5,control,male,0
3,22,6,control,male,0
3,22,7,control,male,1
3,22,8,control,male,0
3,22,9,control,male,1
3,22,10,control,male,0
3,22,11,control,male,0
3,22,12,control,male,1
3,22,13,control,male,0
3,22,14,control,male,0
3,23,1,control,female,0
3,23,2,control,female,1
3,23,3,control,female,1
3,23,4,control,female,1
3,23,5,control,female,1
3,23,6,control,female,1
3,23,7,control,female,1
3,23,8,control,female,0
3,23,9,control,female,1
3,23,10,control,female,1
3,23,11,control,female,1
3,23,12,control,female,0
3,23,13,control,female,0
3,23,14,control,female,0
3,24,1,control,male,0
3,24,2,control,male,0
3,24,3,control,male,0
3,24,4,control,male,1
3,24,5,control,male,0
3,24,6,control,male,0
3,24,7,control,male,0
3,24,8,control,male,1
3,24,9,control,male,0
3,24,10,control,male,0
3,24,11,control,male,1
3,24,12,control,male,0
3,24,13,control,male,0
3,24,14,control,male,0
3,25,1,control,female,0
3,25,2,control,female,0
3,25,3,control,female,0
3,25,4,control,female,0
3,25,5,control,female,1
3,25,6,control,female,1
3,25,7,control,female,0
3,25,8,control,female,1
3,25,9,control,female,0
3,25,10,control,female,0
3,25,11,control,female,0
3,25,12,control,female,0
3,25,13,control,female,0
3,25,14,control,female,0
3,26,1,control,female,0
3,26,2,control,female,0
3,26,3,control,female,0
3,26,4,control,female,1
3,26,5,control,female,0
3,26,6,control,female,1
3,26,7,control,female,1
3,26,8,control,female,1
3,26,9,control,female,0
3,26,10,control,female,1
3,26,11,control,female,0
3,26,12,control,female,0
3,26,13,control,female,0
3,26,14,control,female,0
3,27,1,treat,male,0
3,27,2,treat,male,0
3,27,3,treat,male,0
3,27,4,treat,male,1
3,27,5,treat,male,1
3,27,6,treat,male,1
3,27,7,treat,male,0
3,27,8,treat,male,0
3,27,9,treat,male,1
3,27,10,treat,male,1
3,27,11,treat,male,1
3,27,12,treat,male,1
3,27,13,treat,male,0
3,27,14,treat,male,1
3,28,1,control,male,0
3,28,2,control,male,0
3,28,3,control,male,0
3,28,4,control,male,0
3,28,5,control,male,1
3,28,6,control,male,0
3,28,7,control,male,1
3,28,8,control,male,1
3,28,9,control,male,0
3,28,10,control,male,0
3,28,11,control,male,1
3,28,12,control,male,0
3,28,13,control,male,0
3,28,14,control,male,1
3,29,1,control,male,0
3,29,2,control,male,0
3,29,3,control,male,0
3,29,4,control,male,0
3,29,5,control,male,1
3,29,6,control,male,0
3,29,7,control,male,1
3,29,8,control,male,0
3,29,9,control,male,0
3,29,10,control,male,0
3,29,11,control,male,0
3,29,12,control,male,0
3,29,13,control,male,0
3,29,14,control,male,0
3,30,1,treat,male,0
3,30,2,treat,male,1
3,30,3,treat,male,1
3,30,4,treat,male,1
3,30,5,treat,male,0
3,30,6,treat,male,1
3,30,7,treat,male,0
3,30,8,treat,male,1
3,30,9,treat,male,1
3,30,10,treat,male,0
3,30,11,treat,male,1
3,30,12,treat,male,0
3,30,13,treat,male,1
3,30,14,treat,male,1
4,31,1,treat,male,0
4,31,2,treat,male,0
4,31,3,treat,male,0
4,31,4,treat,male,0
4,31,5,treat,male,1
4,31,6,treat,male,0
4,31,7,treat,male,1
4,31,8,treat,male,1
4,31,9,treat,male,0
4,31,10,treat,male,1
4,31,11,treat,male,0
4,31,12,treat,male,0
4,31,13,treat,male,1
4,31,14,treat,male,0
4,32,1,treat,male,0
4,32,2,treat,male,0
4,32,3,treat,male,0
4,32,4,treat,male,1
4,32,5,treat,male,0
4,32,6,treat,male,0
4,32,7,treat,male,0
4,32,8,treat,male,0
4,32,9,treat,male,1
4,32,10,treat,male,1
4,32,11,treat,male,1
4,32,12,treat,male,1
4,32,13,treat,male,1
4,32,14,treat,male,1
4,33,1,control,female,1
4,33,2,control,female,1
4,33,3,control,female,0
4,33,4,control,female,0
4,33,5,control,female,1
4,33,6,control,female,0
4,33,7,control,female,0
4,33,8,control,female,1
4,33,9,control,female,0
4,33,10,control,female,1
4,33,11,control,female,0
4,33,12,control,female,1
4,33,13,control,female,0
4,33,14,control,female,0
4,34,1,treat,male,0
4,34,2,treat,male,0
4,34,3,treat,male,0
4,34,4,treat,male,0
4,34,5,treat,male,0
4,34,6,treat,male,1
4,34,7,treat,male,0
4,34,8,treat,male,0
4,34,9,treat,male,1
4,34,10,treat,male,0
4,34,11,treat,male,0
4,34,12,treat,male,0
4,34,13,treat,male,1
4,34,14,treat,male,0
4,35,1,control,male,0
4,35,2,control,male,0
4,35,3,control,male,0
4,35,4,control,male,1
4,35,5,control,male,1
4,35,6,control,male,1
4,35,7,control,male,0
4,35,8,control,male,0
4,35,9,control,male,0
4,35,10,control,male,0
4,35,11,control,male,1
4,35,12,control,male,0
4,35,13,control,male,0
4,35,14,control,male,0
4,36,1,control,male,1
4,36,2,control,male,0
4,36,3,control,male,0
4,36,4,control,male,0
4,36,5,control,male,0
4,36,6,control,male,0
4,36,7,control,male,0
4,36,8,control,male,0
4,36,9,control,male,0
4,36,10,control,male,0
4,36,11,control,male,0
4,36,12,control,male,0
4,36,13,control,male,0
4,36,14,control,male,0
4,37,1,treat,male,1
4,37,2,treat,male,1
4,37,3,treat,male,0
4,37,4,treat,male,1
4,37,5,treat,male,0
4,37,6,treat,male,0
4,37,7,treat,male,0
4,37,8,treat,male,1
4,37,9,treat,male,1
4,37,10,treat,male,1
4,37,11,treat,male,0
4,37,12,treat,male,0
4,37,13,treat,male,1
4,37,14,treat,male,0
4,38,1,control,male,0
4,38,2,control,male,1
4,38,3,control,male,0
4,38,4,control,male,1
4,38,5,control,male,0
4,38,6,control,male,0
4,38,7,control,male,0
4,38,8,control,male,0
4,38,9,control,male,0
4,38,10,control,male,0
4,38,11,control,male,0
4,38,12,control,male,1
4,38,13,control,male,0
4,38,14,control,male,0
4,39,1,treat,male,1
4,39,2,treat,male,0
4,39,3,treat,male,1
4,39,4,treat,male,0
4,39,5,treat,male,1
4,39,6,treat,male,1
4,39,7,treat,male,1
4,39,8,treat,male,0
4,39,9,treat,male,0
4,39,10,treat,male,0
4,39,11,treat,male,1
4,39,12,treat,male,0
4,39,13,treat,male,0
4,39,14,treat,male,1
4,40,1,treat,male,0
4,40,2,treat,male,1
4,40,3,treat,male,1
4,40,4,treat,male,1
4,40,5,treat,male,0
4,40,6,treat,male,0
4,40,7,treat,male,0
4,40,8,treat,male,0
4,40,9,treat,male,1
4,40,10,treat,male,0
4,40,11,treat,male,0
4,40,12,treat,male,1
4,40,13,treat,male,1
4,40,14,treat,male,0
5,41,1,treat,female,1
5,41,2,treat,female,1
5,41,3,treat,female,1
5,41,4,treat,female,1
5,41,5,treat,female,1
5,41,6,treat,female,0
5,41,7,treat,female,1
5,41,8,treat,female,1
5,41,9,treat,female,1
5,41,10,treat,female,1
5,41,11,treat,female,1
5,41,12,treat,female,1
5,41,13,treat,female,1
5,41,14,treat,female,1
5,42,1,treat,female,1
5,42,2,treat,female,1
5,42,3,treat,female,1
5,42,4,treat,female,1
5,42,5,treat,female,1
5,42,6,treat,female,1
5,42,7,treat,female,1
5,42,8,treat,female,0
5,42,9,treat,female,0
5,42,10,treat,female,1
5,42,11,treat,female,1
5,42,12,treat,female,1
5,42,13,treat,female,1
5,42,14,treat,female,1
5,43,1,control,male,0
5,43,2,control,male,0
5,43,3,control,male,1
5,43,4,control,male,0
5,43,5,control,male,0
5,43,6,control,male,0
5,43,7,control,male,0
5,43,8,control,male,1
5,43,9,control,male,0
5,43,10,control,male,0
5,43,11,control,male,1
5,43,12,control,male,0
5,43,13,control,male,0
5,43,14,control,male,0
5,44,1,treat,male,1
5,44,2,treat,male,1
5,44,3,treat,male,0
5,44,4,treat,male,0
5,44,5,treat,male,0
5,44,6,treat,male,0
5,44,7,treat,male,0
5,44,8,treat,male,1
5,44,9,treat,male,1
5,44,10,treat,male,1
5,44,11,treat,male,1
5,44,12,treat,male,0
5,44,13,treat,male,1
5,44,14,treat,male,0
5,45,1,treat,female,1
5,45,2,treat,female,1
5,45,3,treat,female,1
5,45,4,treat,female,1
5,45,5,treat,female,1
5,45,6,treat,female,1
5,45,7,treat,female,1
5,45,8,treat,female,1
5,45,9,treat,female,1
5,45,10,treat,female,1
5,45,11,treat,female,0
5,45,12,treat,female,1
5,45,13,treat,female,1
5,45,14,treat,female,1
5,46,1,treat,male,0
5,46,2,treat,male,0
5,46,3,treat,male,0
5,46,4,treat,male,1
5,46,5,treat,male,0
5,46,6,treat,male,1
5,46,7,treat,male,1
5,46,8,treat,male,0
5,46,9,treat,male,0
5,46,10,treat,male,1
5,46,11,treat,male,1
5,46,12,treat,male,0
5,46,13,treat,male,0
5,46,14,treat,male,1
5,47,1,treat,male,1
5,47,2,treat,male,0
5,47,3,treat,male,1
5,47,4,treat,male,0
5,47,5,treat,male,1
5,47,6,treat,male,1
5,47,7,treat,male,0
5,47,8,treat,male,1
5,47,9,treat,male,1
5,47,10,treat,male,1
5,47,11,treat,male,1
5,47,12,treat,male,0
5,47,13,treat,male,1
5,47,14,treat,male,1
5,48,1,treat,female,1
5,48,2,treat,female,1
5,48,3,treat,female,1
5,48,4,treat,female,1
5,48,5,treat,female,0
5,48,6,treat,female,1
5,48,7,treat,female,1
5,48,8,treat,female,1
5,48,9,treat,female,1
5,48,10,treat,female,1
5,48,11,treat,female,1
5,48,12,treat,female,1
5,48,13,treat,female,1
5,48,14,treat,female,1
5,49,1,control,male,0
5,49,2,control,male,0
5,49,3,control,male,0
5,49,4,control,male,0
5,49,5,control,male,0
5,49,6,control,male,0
5,49,7,control,male,0
5,49,8,control,male,0
5,49,9,control,male,0
5,49,10,control,male,0
5,49,11,control,male,0
5,49,12,control,male,0
5,49,13,control,male,0
5,49,14,control,male,0
5,50,1,control,male,0
5,50,2,control,male,0
5,50,3,control,male,0
5,50,4,control,male,0
5,50,5,control,male,0
5,50,6,control,male,1
5,50,7,control,male,0
5,50,8,control,male,0
5,50,9,control,male,0
5,50,10,control,male,0
5,50,11,control,male,0
5,50,12,control,male,0
5,50,13,control,male,1
5,50,14,control,male,0
6,51,1,treat,female,1
6,51,2,treat,female,1
6,51,3,treat,female,1
6,51,4,treat,female,1
6,51,5,treat,female,1
6,51,6,treat,female,0
6,51,7,treat,female,0
6,51,8,treat,female,1
6,51,9,treat,female,1
6,51,10,treat,female,1
6,51,11,treat,female,1
6,51,12,treat,female,1
6,51,13,treat,female,1
6,51,14,treat,female,1
6,52,1,control,female,0
6,52,2,control,female,0
6,52,3,control,female,1
6,52,4,control,female,1
6,52,5,control,female,1
6,52,6,control,female,1
6,52,7,control,female,0
6,52,8,control,female,0
6,52,9,control,female,0
6,52,10,control,female,0
6,52,11,control,female,1
6,52,12,control,female,0
6,52,13,control,female,1
6,52,14,control,female,1
6,53,1,treat,female,1
6,53,2,treat,female,1
6,53,3,treat,female,1
6,53,4,treat,female,1
6,53,5,treat,female,1
6,53,6,treat,female,1
6,53,7,treat,female,1
6,53,8,treat,female,1
6,53,9,treat,female,1
6,53,10,treat,female,1
6,53,11,treat,female,1
6,53,12,treat,female,1
6,53,13,treat,female,1
6,53,14,treat,female,0
6,54,1,treat,female,0
6,54,2,treat,female,0
6,54,3,treat,female,1
6,54,4,treat,female,1
6,54,5,treat,female,1
6,54,6,treat,female,1
6,54,7,treat,female,1
6,54,8,treat,female,1
6,54,9,treat,female,0
6,54,10,treat,female,0
6,54,11,treat,female,1
6,54,12,treat,female,0
6,54,13,treat,female,0
6,54,14,treat,female,1
6,55,1,control,female,0
6,55,2,control,female,0
6,55,3,control,female,0
6,55,4,control,female,0
6,55,5,control,female,0
6,55,6,control,female,0
6,55,7,control,female,0
6,55,8,control,female,1
6,55,9,control,female,0
6,55,10,control,female,0
6,55,11,control,female,0
6,55,12,control,female,0
6,55,13,control,female,0
6,55,14,control,female,1
6,56,1,control,female,0
6,56,2,control,female,0
6,56,3,control,female,0
6,56,4,control,female,0
6,56,5,control,female,0
6,56,6,control,female,0
6,56,7,control,female,1
6,56,8,control,female,1
6,56,9,control,female,0
6,56,10,control,female,0
6,56,11,control,female,1
6,56,12,control,female,0
6,56,13,control,female,1
6,56,14,control,female,0
6,57,1,treat,male,1
6,57,2,treat,male,0
6,57,3,treat,male,0
6,57,4,treat,male,1
6,57,5,treat,male,0
6,57,6,treat,male,1
6,57,7,treat,male,0
6,57,8,treat,male,1
6,57,9,treat,male,1
6,57,10,treat,male,0
6,57,11,treat,male,0
6,57,12,treat,male,0
6,57,13,treat,male,0
6,57,14,treat,male,0
6,58,1,treat,male,0
6,58,2,treat,male,0
6,58,3,treat,male,1
6,58,4,treat,male,1
6,58,5,treat,male,0
6,58,6,treat,male,0
6,58,7,treat,male,1
6,58,8,treat,male,1
6,58,9,treat,male,1
6,58,10,treat,male,0
6,58,11,treat,male,1
6,58,12,treat,male,1
6,58,13,treat,male,1
6,58,14,treat,male,1
6,59,1,treat,male,0
6,59,2,treat,male,1
6,59,3,treat,male,1
6,59,4,treat,male,0
6,59,5,treat,male,0
6,59,6,treat,male,1
6,59,7,treat,male,0
6,59,8,treat,male,0
6,59,9,treat,male,1
6,59,10,treat,male,0
6,59,11,treat,male,0
6,59,12,treat,male,1
6,59,13,treat,male,1
6,59,14,treat,male,0
6,60,1,control,male,0
6,60,2,control,male,0
6,60,3,control,male,0
6,60,4,control,male,1
6,60,5,control,male,1
6,60,6,control,male,1
6,60,7,control,male,1
6,60,8,control,male,1
6,60,9,control,male,0
6,60,10,control,male,0
6,60,11,control,male,0
6,60,12,control,male,0
6,60,13,control,male,0
6,60,14,control,male,1
7,61,1,control,female,0
7,61,2,control,female,0
7,61,3,control,female,1
7,61,4,control,female,1
7,61,5,control,female,0
7,61,6,control,female,0
7,61,7,control,female,0
7,61,8,control,female,0
7,61,9,control,female,0
7,61,10,control,female,1
7,61,11,control,female,1
7,61,12,control,female,1
7,61,13,control,female,1
7,61,14,control,female,0
7,62,1,treat,female,1
7,62,2,treat,female,1
7,62,3,treat,female,1
7,62,4,treat,female,1
7,62,5,treat,female,1
7,62,6,treat,female,1
7,62,7,treat,female,1
7,62,8,treat,female,1
7,62,9,treat,female,1
7,62,10,treat,female,1
7,62,11,treat,female,1
7,62,12,treat,female,1
7,62,13,treat,female,1
7,62,14,treat,female,0
7,63,1,treat,female,0
7,63,2,treat,female,1
7,63,3,treat,female,1
7,63,4,treat,female,1
7,63,5,treat,female,1
7,63,6,treat,female,1
7,63,7,treat,female,1
7,63,8,treat,female,1
7,63,9,treat,female,1
7,63,10,treat,female,1
7,63,11,treat,female,1
7,63,12,treat,female,0
7,63,13,treat,female,1
7,63,14,treat,female,1
7,64,1,treat,female,1
7,64,2,treat,female,1
7,64,3,treat,female,1
7,64,4,treat,female,1
7,64,5,treat,female,1
7,64,6,treat,female,1
7,64,7,treat,female,1
7,64,8,treat,female,1
7,64,9,treat,female,0
7,64,10,treat,female,1
7,64,11,treat,female,1
7,64,12,treat,female,1
7,64,13,treat,female,1
7,64,14,treat,female,1
7,65,1,treat,female,1
7,65,2,treat,female,1
7,65,3,treat,female,1
7,65,4,treat,female,1
7,65,5,treat,female,1
7,65,6,treat,female,1
7,65,7,treat,female,1
7,65,8,treat,female,1
7,65,9,treat,female,1
7,65,10,treat,female,1
7,65,11,treat,female,1
7,65,12,treat,female,1
7,65,13,treat,female,1
7,65,14,treat,female,1
7,66,1,treat,female,1
7,66,2,treat,female,1
7,66,3,treat,female,1
7,66,4,treat,female,0
7,66,5,treat,female,1
7,66,6,treat,female,1
7,66,7,treat,female,1
7,66,8,treat,female,1
7,66,9,treat,female,1
7,66,10,treat,female,1
7,66,11,treat,female,1
7,66,12,treat,female,0
7,66,13,treat,female,1
7,66,14,treat,female,1
7,67,1,treat,female,1
7,67,2,treat,female,1
7,67,3,treat,female,1
7,67,4,treat,female,1
7,67,5,treat,female,1
7,67,6,treat,female,0
7,67,7,treat,female,0
7,67,8,treat,female,1
7,67,9,treat,female,1
7,67,10,treat,female,1
7,67,11,treat,female,1
7,67,12,treat,female,1
7,67,13,treat,female,1
7,67,14,treat,female,1
7,68,1,control,female,0
7,68,2,control,female,0
7,68,3,control,female,0
7,68,4,control,female,0
7,68,5,control,female,0
7,68,6,control,female,0
7,68,7,control,female,0
7,68,8,control,female,0
7,68,9,control,female,1
7,68,10,control,female,0
7,68,11,control,female,0
7,68,12,control,female,0
7,68,13,control,female,1
7,68,14,control,female,0
7,69,1,treat,female,1
7,69,2,treat,female,1
7,69,3,treat,female,1
7,69,4,treat,female,1
7,69,5,treat,female,0
7,69,6,treat,female,1
7,69,7,treat,female,0
7,69,8,treat,female,1
7,69,9,treat,female,0
7,69,10,treat,female,1
7,69,11,treat,female,1
7,69,12,treat,female,0
7,69,13,treat,female,1
7,69,14,treat,female,1
7,70,1,treat,male,1
7,70,2,treat,male,1
7,70,3,treat,male,0
7,70,4,treat,male,0
7,70,5,treat,male,0
7,70,6,treat,male,1
7,70,7,treat,male,1
7,70,8,treat,male,1
7,70,9,treat,male,1
7,70,10,treat,male,1
7,70,11,treat,male,1
7,70,12,treat,male,0
7,70,13,treat,male,0
7,70,14,treat,male,1
8,71,1,treat,female,1
8,71,2,treat,female,1
8,71,3,treat,female,1
8,71,4,treat,female,1
8,71,5,treat,female,1
8,71,6,treat,female,1
8,71,7,treat,female,0
8,71,8,treat,female,1
8,71,9,treat,female,0
8,71,10,treat,female,1
8,71,11,treat,female,1
8,71,12,treat,female,0
8,71,13,treat,female,1
8,71,14,treat,female,1
8,72,1,treat,male,1
8,72,2,treat,male,0
8,72,3,treat,male,0
8,72,4,treat,male,0
8,72,5,treat,male,1
8,72,6,treat,male,1
8,72,7,treat,male,1
8,72,8,treat,male,0
8,72,9,treat,male,1
8,72,10,treat,male,0
8,72,11,treat,male,0
8,72,12,treat,male,0
8,72,13,treat,male,0
8,72,14,treat,male,0
8,73,1,control,male,0
8,73,2,control,male,0
8,73,3,control,male,0
8,73,4,control,male,0
8,73,5,control,male,0
8,73,6,control,male,0
8,73,7,control,male,0
8,73,8,control,male,0
8,73,9,control,male,1
8,73,10,control,male,0
8,73,11,control,male,0
8,73,12,control,male,1
8,73,13,control,male,0
8,73,14,control,male,0
8,74,1,control,female,0
8,74,2,control,female,1
8,74,3,control,female,1
8,74,4,control,female,1
8,74,5,control,female,0
8,74,6,control,female,1
8,74,7,control,female,1
8,74,8,control,female,0
8,74,9,control,female,0
8,74,10,control,female,1
8,74,11,control,female,0
8,74,12,control,female,1
8,74,13,control,female,0
8,74,14,control,female,1
8,75,1,control,female,1
8,75,2,control,female,0
8,75,3,control,female,0
8,75,4,control,female,0
8,75,5,control,female,1
8,75,6,control,female,1
8,75,7,control,female,1
8,75,8,control,female,0
8,75,9,control,female,1
8,75,10,control,female,1
8,75,11,control,female,0
8,75,12,control,female,0
8,75,13,control,female,0
8,75,14,control,female,0
8,76,1,treat,male,1
8,76,2,treat,male,0
8,76,3,treat,male,0
8,76,4,treat,male,1
8,76,5,treat,male,0
8,76,6,treat,male,0
8,76,7,treat,male,1
8,76,8,treat,male,0
8,76,9,treat,male,1
8,76,10,treat,male,1
8,76,11,treat,male,0
8,76,12,treat,male,1
8,76,13,treat,male,1
8,76,14,treat,male,1
8,77,1,treat,male,1
8,77,2,treat,male,0
8,77,3,treat,male,1
8,77,4,treat,male,0
8,77,5,treat,male,1
8,77,6,treat,male,1
8,77,7,treat,male,1
8,77,8,treat,male,0
8,77,9,treat,male,0
8,77,10,treat,male,0
8,77,11,treat,male,1
8,77,12,treat,male,1
8,77,13,treat,male,1
8,77,14,treat,male,1
8,78,1,control,male,1
8,78,2,control,male,0
8,78,3,control,male,0
8,78,4,control,male,1
8,78,5,control,male,0
8,78,6,control,male,0
8,78,7,control,male,1
8,78,8,control,male,1
8,78,9,control,male,0
8,78,10,control,male,1
8,78,11,control,male,0
8,78,12,control,male,0
8,78,13,control,male,1
8,78,14,control,male,1
8,79,1,control,male,0
8,79,2,control,male,0
8,79,3,control,male,0
8,79,4,control,male,0
8,79,5,control,male,0
8,79,6,control,male,0
8,79,7,control,male,0
8,79,8,control,male,0
8,79,9,control,male,1
8,79,10,control,male,1
8,79,11,control,male,0
8,79,12,control,male,0
8,79,13,control,male,1
8,79,14,control,male,0
8,80,1,treat,female,0
8,80,2,treat,female,1
8,80,3,treat,female,1
8,80,4,treat,female,1
8,80,5,treat,female,1
8,80,6,treat,female,1
8,80,7,treat,female,1
8,80,8,treat,female,1
8,80,9,treat,female,1
8,80,10,treat,female,0
8,80,11,treat,female,1
8,80,12,treat,female,1
8,80,13,treat,female,1
8,80,14,treat,female,1
9,81,1,treat,female,1
9,81,2,treat,female,1
9,81,3,treat,female,1
9,81,4,treat,female,1
9,81,5,treat,female,1
9,81,6,treat,female,1
9,81,7,treat,female,1
9,81,8,treat,female,1
9,81,9,treat,female,1
9,81,10,treat,female,1
9,81,11,treat,female,1
9,81,12,treat,female,1
9,81,13,treat,female,1
9,81,14,treat,female,1
9,82,1,treat,male,1
9,82,2,treat,male,0
9,82,3,treat,male,0
9,82,4,treat,male,0
9,82,5,treat,male,0
9,82,6,treat,male,0
9,82,7,treat,male,1
9,82,8,treat,male,0
9,82,9,treat,male,1
9,82,10,treat,male,0
9,82,11,treat,male,1
9,82,12,treat,male,1
9,82,13,treat,male,1
9,82,14,treat,male,1
9,83,1,control,male,0
9,83,2,control,male,1
9,83,3,control,male,0
9,83,4,control,male,0
9,83,5,control,male,0
9,83,6,control,male,0
9,83,7,control,male,1
9,83,8,control,male,1
9,83,9,control,male,1
9,83,10,control,male,0
9,83,11,control,male,0
9,83,12,control,male,0
9,83,13,control,male,0
9,83,14,control,male,0
9,84,1,control,male,1
9,84,2,control,male,1
9,84,3,control,male,0
9,84,4,control,male,1
9,84,5,control,male,1
9,84,6,control,male,0
9,84,7,control,male,0
9,84,8,control,male,1
9,84,9,control,male,1
9,84,10,control,male,0
9,84,11,control,male,1
9,84,12,control,male,1
9,84,13,control,male,1
9,84,14,control,male,0
9,85,1,control,female,1
9,85,2,control,female,1
9,85,3,control,female,0
9,85,4,control,female,0
9,85,5,control,female,0
9,85,6,control,female,0
9,85,7,control,female,0
9,85,8,control,female,0
9,85,9,control,female,1
9,85,10,control,female,0
9,85,11,control,female,1
9,85,12,control,female,0
9,85,13,control,female,1
9,85,14,control,female,1
9,86,1,treat,male,1
9,86,2,treat,male,0
9,86,3,treat,male,0
9,86,4,treat,male,1
9,86,5,treat,male,0
9,86,6,treat,male,1
9,86,7,treat,male,0
9,86,8,treat,male,1
9,86,9,treat,male,0
9,86,10,treat,male,1
9,86,11,treat,male,1
9,86,12,treat,male,1
9,86,13,treat,male,0
9,86,14,treat,male,0
9,87,1,control,male,1
9,87,2,control,male,1
9,87,3,control,male,0
9,87,4,control,male,1
9,87,5,control,male,0
9,87,6,control,male,0
9,87,7,control,male,0
9,87,8,control,male,0
9,87,9,control,male,1
9,87,10,control,male,0
9,87,11,control,male,0
9,87,12,control,male,0
9,87,13,control,male,1
9,87,14,control,male,0
9,88,1,treat,female,0
9,88,2,treat,female,0
9,88,3,treat,female,1
9,88,4,treat,female,1
9,88,5,treat,female,1
9,88,6,treat,female,0
9,88,7,treat,female,1
9,88,8,treat,female,1
9,88,9,treat,female,1
9,88,10,treat,female,1
9,88,11,treat,female,1
9,88,12,treat,female,1
9,88,13,treat,female,1
9,88,14,treat,female,1
9,89,1,control,male,1
9,89,2,control,male,0
9,89,3,control,male,1
9,89,4,control,male,1
9,89,5,control,male,0
9,89,6,control,male,1
9,89,7,control,male,1
9,89,8,control,male,0
9,89,9,control,male,0
9,89,10,control,male,0
9,89,11,control,male,0
9,89,12,control,male,0
9,89,13,control,male,0
9,89,14,control,male,0
9,90,1,treat,female,1
9,90,2,treat,female,1
9,90,3,treat,female,1
9,90,4,treat,female,1
9,90,5,treat,female,0
9,90,6,treat,female,1
9,90,7,treat,female,1
9,90,8,treat,female,0
9,90,9,treat,female,1
9,90,10,treat,female,1
9,90,11,treat,female,1
9,90,12,treat,female,1
9,90,13,treat,female,1
9,90,14,treat,female,1
10,91,1,control,male,0
10,91,2,control,male,1
10,91,3,control,male,1
10,91,4,control,male,0
10,91,5,control,male,0
10,91,6,control,male,1
10,91,7,control,male,0
10,91,8,control,male,0
10,91,9,control,male,1
10,91,10,control,male,1
10,91,11,control,male,0
10,91,12,control,male,1
10,91,13,control,male,0
10,91,14,control,male,0
10,92,1,control,male,1
10,92,2,control,male,1
10,92,3,control,male,0
10,92,4,control,male,1
10,92,5,control,male,0
10,92,6,control,male,1
10,92,7,control,male,0
10,92,8,control,male,1
10,92,9,control,male,0
10,92,10,control,male,0
10,92,11,control,male,1
10,92,12,control,male,1
10,92,13,control,male,0
10,92,14,control,male,0
10,93,1,treat,male,1
10,93,2,treat,male,1
10,93,3,treat,male,1
10,93,4,treat,male,1
10,93,5,treat,male,1
10,93,6,treat,male,0
10,93,7,treat,male,0
10,93,8,treat,male,1
10,93,9,treat,male,1
10,93,10,treat,male,0
10,93,11,treat,male,0
10,93,12,treat,male,1
10,93,13,treat,male,1
10,93,14,treat,male,1
10,94,1,treat,male,1
10,94,2,treat,male,1
10,94,3,treat,male,1
10,94,4,treat,male,1
10,94,5,treat,male,0
10,94,6,treat,male,1
10,94,7,treat,male,0
10,94,8,treat,male,0
10,94,9,treat,male,1
10,94,10,treat,male,1
10,94,11,treat,male,1
10,94,12,treat,male,0
10,94,13,treat,male,1
10,94,14,treat,male,0
10,95,1,control,male,0
10,95,2,control,male,0
10,95,3,control,male,0
10,95,4,control,male,1
10,95,5,control,male,0
10,95,6,control,male,1
10,95,7,control,male,0
10,95,8,control,male,1
10,95,9,control,male,0
10,95,10,control,male,0
10,95,11,control,male,0
10,95,12,control,male,1
10,95,13,control,male,0
10,95,14,control,male,1
10,96,1,control,female,0
10,96,2,control,female,1
10,96,3,control,female,0
10,96,4,control,female,0
10,96,5,control,female,1
10,96,6,control,female,1
10,96,7,control,female,1
10,96,8,control,female,1
10,96,9,control,female,0
10,96,10,control,female,1
10,96,11,control,female,1
10,96,12,control,female,0
10,96,13,control,female,1
10,96,14,control,female,1
10,97,1,control,female,0
10,97,2,control,female,0
10,97,3,control,female,0
10,97,4,control,female,0
10,97,5,control,female,1
10,97,6,control,female,1
10,97,7,control,female,0
10,97,8,control,female,0
10,97,9,control,female,0
10,97,10,control,female,0
10,97,11,control,female,1
10,97,12,control,female,1
10,97,13,control,female,0
10,97,14,control,female,1
10,98,1,treat,male,1
10,98,2,treat,male,1
10,98,3,treat,male,0
10,98,4,treat,male,0
10,98,5,treat,male,0
10,98,6,treat,male,0
10,98,7,treat,male,0
10,98,8,treat,male,1
10,98,9,treat,male,0
10,98,10,treat,male,0
10,98,11,treat,male,0
10,98,12,treat,male,1
10,98,13,treat,male,1
10,98,14,treat,male,1
10,99,1,treat,male,1
10,99,2,treat,male,0
10,99,3,treat,male,0
10,99,4,treat,male,1
10,99,5,treat,male,0
10,99,6,treat,male,1
10,99,7,treat,male,0
10,99,8,treat,male,1
10,99,9,treat,male,1
10,99,10,treat,male,0
10,99,11,treat,male,0
10,99,12,treat,male,0
10,99,13,treat,male,0
10,99,14,treat,male,1
10,100,1,control,female,0
10,100,2,control,female,0
10,100,3,control,female,0
10,100,4,control,female,1
10,100,5,control,female,1
10,100,6,control,female,0
10,100,7,control,female,1
10,100,8,control,female,1
10,100,9,control,female,1
10,100,10,control,female,1
10,100,11,control,female,0
10,100,12,control,female,0
10,100,13,control,female,0
10,100,14,control,female,1
11,101,1,treat,female,1
11,101,2,treat,female,1
11,101,3,treat,female,1
11,101,4,treat,female,0
11,101,5,treat,female,1
11,101,6,treat,female,1
11,101,7,treat,female,0
11,101,8,treat,female,1
11,101,9,treat,female,1
11,101,10,treat,female,1
11,101,11,treat,female,1
11,101,12,treat,female,1
11,101,13,treat,female,1
11,101,14,treat,female,1
11,102,1,treat,male,1
11,102,2,treat,male,0
11,102,3,treat,male,0
11,102,4,treat,male,0
11,102,5,treat,male,0
11,102,6,treat,male,1
11,102,7,treat,male,1
11,102,8,treat,male,1
11,102,9,treat,male,1
11,102,10,treat,male,1
11,102,11,treat,male,0
11,102,12,treat,male,1
11,102,13,treat,male,1
11,102,14,treat,male,1
11,103,1,treat,female,1
11,103,2,treat,female,1
11,103,3,treat,female,1
11,103,4,treat,female,1
11,103,5,treat,female,1
11,103,6,treat,female,1
11,103,7,treat,female,1
11,103,8,treat,female,1
11,103,9,treat,female,1
11,103,10,treat,female,1
11,103,11,treat,female,1
11,103,12,treat,female,1
11,103,13,treat,female,1
11,103,14,treat,female,1
11,104,1,control,male,0
11,104,2,control,male,0
11,104,3,control,male,0
11,104,4,control,male,0
11,104,5,control,male,1
11,104,6,control,male,0
11,104,7,control,male,0
11,104,8,control,male,0
11,104,9,control,male,0
11,104,10,control,male,0
11,104,11,control,male,0
11,104,12,control,male,0
11,104,13,control,male,1
11,104,14,control,male,0
11,105,1,control,female,1
11,105,2,control,female,0
11,105,3,control,female,0
11,105,4,control,female,1
11,105,5,control,female,1
11,105,6,control,female,0
11,105,7,control,female,0
11,105,8,control,female,1
11,105,9,control,female,1
11,105,10,control,female,0
11,105,11,control,female,0
11,105,12,control,female,0
11,105,13,control,female,0
11,105,14,control,female,1
11,106,1,control,male,0
11,106,2,control,male,0
11,106,3,control,male,0
11,106,4,control,male,0
11,106,5,control,male,0
11,106,6,control,male,0
11,106,7,control,male,0
11,106,8,control,male,0
11,106,9,control,male,1
11,106,10,control,male,1
11,106,11,control,male,1
11,106,12,control,male,0
11,106,13,control,male,0
11,106,14,control,male,0
11,107,1,control,female,0
11,107,2,control,female,0
11,107,3,control,female,0
11,107,4,control,female,0
11,107,5,control,female,0
11,107,6,control,female,1
11,107,7,control,female,1
11,107,8,control,female,0
11,107,9,control,female,0
11,107,10,control,female,0
11,107,11,control,female,0
11,107,12,control,female,0
11,107,13,control,female,1
11,107,14,control,female,1
11,108,1,treat,male,1
11,108,2,treat,male,1
11,108,3,treat,male,1
11,108,4,treat,male,0
11,108,5,treat,male,0
11,108,6,treat,male,1
11,108,7,treat,male,0
11,108,8,treat,male,0
11,108,9,treat,male,0
11,108,10,treat,male,0
11,108,11,treat,male,1
11,108,12,treat,male,0
11,108,13,treat,male,0
11,108,14,treat,male,1
11,109,1,control,female,0
11,109,2,control,female,0
11,109,3,control,female,1
11,109,4,control,female,0
11,109,5,control,female,0
11,109,6,control,female,1
11,109,7,control,female,0
11,109,8,control,female,0
11,109,9,control,female,1
11,109,10,control,female,0
11,109,11,control,female,1
11,109,12,control,female,1
11,109,13,control,female,1
11,109,14,control,female,1
11,110,1,control,female,0
11,110,2,control,female,1
11,110,3,control,female,1
11,110,4,control,female,0
11,110,5,control,female,0
11,110,6,control,female,0
11,110,7,control,female,0
11,110,8,control,female,1
11,110,9,control,female,1
11,110,10,control,female,0
11,110,11,control,female,0
11,110,12,control,female,1
11,110,13,control,female,0
11,110,14,control,female,1
12,111,1,control,female,1
12,111,2,control,female,1
12,111,3,control,female,1
12,111,4,control,female,0
12,111,5,control,female,1
12,111,6,control,female,0
12,111,7,control,female,0
12,111,8,control,female,0
12,111,9,control,female,0
12,111,10,control,female,0
12,111,11,control,female,0
12,111,12,control,female,0
12,111,13,control,female,0
12,111,14,control,female,0
12,112,1,control,male,1
12,112,2,control,male,1
12,112,3,control,male,0
12,112,4,control,male,0
12,112,5,control,male,0
12,112,6,control,male,1
12,112,7,control,male,1
12,112,8,control,male,0
12,112,9,control,male,0
12,112,10,control,male,0
12,112,11,control,male,0
12,112,12,control,male,0
12,112,13,control,male,1
12,112,14,control,male,0
12,113,1,control,female,0
12,113,2,control,female,1
12,113,3,control,female,1
12,113,4,control,female,0
12,113,5,control,female,1
12,113,6,control,female,1
12,113,7,control,female,1
12,113,8,control,female,0
12,113,9,control,female,0
12,113,10,control,female,1
12,113,11,control,female,0
12,113,12,control,female,1
12,113,13,control,female,1
12,113,14,control,female,0
12,114,1,treat,male,0
12,114,2,treat,male,0
12,114,3,treat,male,1
12,114,4,treat,male,0
12,114,5,treat,male,0
12,114,6,treat,male,0
12,114,7,treat,male,0
12,114,8,treat,male,0
12,114,9,treat,male,1
12,114,10,treat,male,1
12,114,11,treat,male,0
12,114,12,treat,male,1
12,114,13,treat,male,0
12,114,14,treat,male,0
12,115,1,treat,male,1
12,115,2,treat,male,1
12,115,3,treat,male,1
12,115,4,treat,male,0
12,115,5,treat,male,0
12,115,6,treat,male,1
12,115,7,treat,male,1
12,115,8,treat,male,0
12,115,9,treat,male,1
12,115,10,treat,male,1
12,115,11,treat,male,0
12,115,12,treat,male,1
12,115,13,treat,male,0
12,115,14,treat,male,1
12,116,1,treat,female,0
12,116,2,treat,female,1
12,116,3,treat,female,1
12,116,4,treat,female,1
12,116,5,treat,female,1
12,116,6,treat,female,1
12,116,7,treat,female,1
12,116,8,treat,female,1
12,116,9,treat,female,1
12,116,10,treat,female,1
12,116,11,treat,female,1
12,116,12,treat,female,1
12,116,13,treat,female,1
12,116,14,treat,female,0
12,117,1,treat,male,1
12,117,2,treat,male,1
12,117,3,treat,male,1
12,117,4,treat,male,0
12,117,5,treat,male,1
12,117,6,treat,male,1
12,117,7,treat,male,1
12,117,8,treat,male,0
12,117,9,treat,male,1
12,117,10,treat,male,0
12,117,11,treat,male,1
12,117,12,treat,male,0
12,117,13,treat,male,0
12,117,14,treat,male,1
12,118,1,control,male,0
12,118,2,control,male,1
12,118,3,control,male,1
12,118,4,control,male,1
12,118,5,control,male,0
12,118,6,control,male,1
12,118,7,control,male,0
12,118,8,control,male,1
12,118,9,control,male,1
12,118,10,control,male,1
12,118,11,control,male,1
12,118,12,control,male,0
12,118,13,control,male,1
12,118,14,control,male,0
12,119,1,treat,female,0
12,119,2,treat,female,1
12,119,3,treat,female,1
12,119,4,treat,female,1
12,119,5,treat,female,1
12,119,6,treat,female,1
12,119,7,treat,female,1
12,119,8,treat,female,1
12,119,9,treat,female,0
12,119,10,treat,female,1
12,119,11,treat,female,1
12,119,12,treat,female,1
12,119,13,treat,female,1
12,119,14,treat,female,1
12,120,1,treat,female,1
12,120,2,treat,female,0
12,120,3,treat,female,0
12,120,4,treat,female,1
12,120,5,treat,female,1
12,120,6,treat,female,1
12,120,7,treat,female,1
12,120,8,treat,female,1
12,120,9,treat,female,1
12,120,10,treat,female,1
12,120,11,treat,female,1
12,120,12,treat,female,0
12,120,13,treat,female,1
12,120,14,treat,female,1
13,121,1,treat,female,1
13,121,2,treat,female,1
13,121,3,treat,female,1
13,121,4,treat,female,1
13,121,5,treat,female,1
13,121,6,treat,female,1
13,121,7,treat,female,0
13,121,8,treat,female,1
13,121,9,treat,female,1
13,121,10,treat,female,0
13,121,11,treat,female,1
13,121,12,treat,female,1
13,121,13,treat,female,0
13,121,14,treat,female,1
13,122,1,treat,female,1
13,122,2,treat,female,0
13,122,3,treat,female,0
13,122,4,treat,female,1
13,122,5,treat,female,1
13,122,6,treat,female,1
13,122,7,treat,female,1
13,122,8,treat,female,1
13,122,9,treat,female,1
13,122,10,treat,female,1
13,122,11,treat,female,1
13,122,12,treat,female,1
13,122,13,treat,female,1
13,122,14,treat,female,1
13,123,1,control,male,1
13,123,2,control,male,0
13,123,3,control,male,0
13,123,4,control,male,0
13,123,5,control,male,0
13,123,6,control,male,1
13,123,7,control,male,0
13,123,8,control,male,0
13,123,9,control,male,0
13,123,10,control,male,0
13,123,11,control,male,1
13,123,12,control,male,1
13,123,13,control,male,0
13,123,14,control,male,0
13,124,1,control,male,0
13,124,2,control,male,1
13,124,3,control,male,0
13,124,4,control,male,0
13,124,5,control,male,0
13,124,6,control,male,0
13,124,7,control,male,1
13,124,8,control,male,0
13,124,9,control,male,0
13,124,10,control,male,1
13,124,11,control,male,0
13,124,12,control,male,0
13,124,13,control,male,0
13,124,14,control,male,1
13,125,1,treat,female,1
13,125,2,treat,female,1
13,125,3,treat,female,1
13,125,4,treat,female,1
13,125,5,treat,female,1
13,125,6,treat,female,1
13,125,7,treat,female,1
13,125,8,treat,female,1
13,125,9,treat,female,1
13,125,10,treat,female,1
13,125,11,treat,female,0
13,125,12,treat,female,1
13,125,13,treat,female,1
13,125,14,treat,female,1
13,126,1,control,male,0
13,126,2,control,male,0
13,126,3,control,male,0
13,126,4,control,male,0
13,126,5,control,male,0
13,126,6,control,male,0
13,126,7,control,male,0
13,126,8,control,male,0
13,126,9,control,male,0
13,126,10,control,male,0
13,126,11,control,male,0
13,126,12,control,male,1
13,126,13,control,male,0
13,126,14,control,male,0
13,127,1,control,male,0
13,127,2,control,male,0
13,127,3,control,male,1
13,127,4,control,male,0
13,127,5,control,male,1
13,127,6,control,male,0
13,127,7,control,male,1
13,127,8,control,male,0
13,127,9,control,male,0
13,127,10,control,male,0
13,127,11,control,male,0
13,127,12,control,male,0
13,127,13,control,male,0
13,127,14,control,male,0
13,128,1,treat,female,1
13,128,2,treat,female,0
13,128,3,treat,female,1
13,128,4,treat,female,1
13,128,5,treat,female,1
13,128,6,treat,female,1
13,128,7,treat,female,1
13,128,8,treat,female,1
13,128,9,treat,female,1
13,128,10,treat,female,1
13,128,11,treat,female,1
13,128,12,treat,female,1
13,128,13,treat,female,1
13,128,14,treat,female,1
13,129,1,treat,female,1
13,129,2,treat,female,1
13,129,3,treat,female,1
13,129,4,treat,female,1
13,129,5,treat,female,1
13,129,6,treat,female,1
13,129,7,treat,female,1
13,129,8,treat,female,0
13,129,9,treat,female,1
13,129,10,treat,female,1
13,129,11,treat,female,1
13,129,12,treat,female,1
13,129,13,treat,female,1
13,129,14,treat,female,1
13,130,1,control,female,0
13,130,2,control,female,0
13,130,3,control,female,0
13,130,4,control,female,1
13,130,5,control,female,0
13,130,6,control,female,1
13,130,7,control,female,0
13,130,8,control,female,0
13,130,9,control,female,1
13,130,10,control,female,0
13,130,11,control,female,0
13,130,12,control,female,1
13,130,13,control,female,1
13,130,14,control,female,1
14,131,1,control,male,0
14,131,2,control,male,0
14,131,3,control,male,1
14,131,4,control,male,0
14,131,5,control,male,0
14,131,6,control,male,0
14,131,7,control,male,1
14,131,8,control,male,0
14,131,9,control,male,0
14,131,10,control,male,0
14,131,11,control,male,0
14,131,12,control,male,0
14,131,13,control,male,0
14,131,14,control,male,0
14,132,1,control,male,0
14,132,2,control,male,1
14,132,3,control,male,0
14,132,4,control,male,1
14,132,5,control,male,1
14,132,6,control,male,0
14,132,7,control,male,0
14,132,8,control,male,0
14,132,9,control,male,0
14,132,10,control,male,0
14,132,11,control,male,1
14,132,12,control,male,0
14,132,13,control,male,0
14,132,14,control,male,0
14,133,1,treat,female,1
14,133,2,treat,female,1
14,133,3,treat,female,1
14,133,4,treat,female,1
14,133,5,treat,female,1
14,133,6,treat,female,1
14,133,7,treat,female,1
14,133,8,treat,female,1
14,133,9,treat,female,1
14,133,10,treat,female,1
14,133,11,treat,female,1
14,133,12,treat,female,1
14,133,13,treat,female,1
14,133,14,treat,female,1
14,134,1,control,female,1
14,134,2,control,female,0
14,134,3,control,female,0
14,134,4,control,female,1
14,134,5,control,female,1
14,134,6,control,female,1
14,134,7,control,female,0
14,134,8,control,female,0
14,134,9,control,female,0
14,134,10,control,female,1
14,134,11,control,female,0
14,134,12,control,female,0
14,134,13,control,female,0
14,134,14,control,female,0
14,135,1,treat,female,1
14,135,2,treat,female,1
14,135,3,treat,female,1
14,135,4,treat,female,0
14,135,5,treat,female,1
14,135,6,treat,female,1
14,135,7,treat,female,1
14,135,8,treat,female,1
14,135,9,treat,female,1
14,135,10,treat,female,1
14,135,11,treat,female,1
14,135,12,treat,female,1
14,135,13,treat,female,1
14,135,14,treat,female,1
14,136,1,control,male,0
14,136,2,control,male,0
14,136,3,control,male,0
14,136,4,control,male,1
14,136,5,control,male,0
14,136,6,control,male,1
14,136,7,control,male,0
14,136,8,control,male,1
14,136,9,control,male,0
14,136,10,control,male,0
14,136,11,control,male,0
14,136,12,control,male,1
14,136,13,control,male,1
14,136,14,control,male,0
14,137,1,treat,male,1
14,137,2,treat,male,1
14,137,3,treat,male,0
14,137,4,treat,male,0
14,137,5,treat,male,0
14,137,6,treat,male,0
14,137,7,treat,male,1
14,137,8,treat,male,1
14,137,9,treat,male,1
14,137,10,treat,male,1
14,137,11,treat,male,1
14,137,12,treat,male,0
14,137,13,treat,male,1
14,137,14,treat,male,1
14,138,1,treat,female,1
14,138,2,treat,female,1
14,138,3,treat,female,1
14,138,4,treat,female,1
14,138,5,treat,female,1
14,138,6,treat,female,1
14,138,7,treat,female,1
14,138,8,treat,female,1
14,138,9,treat,female,1
14,138,10,treat,female,1
14,138,11,treat,female,0
14,138,12,treat,female,1
14,138,13,treat,female,1
14,138,14,treat,female,0
14,139,1,treat,female,1
14,139,2,treat,female,1
14,139,3,treat,female,1
14,139,4,treat,female,1
14,139,5,treat,female,0
14,139,6,treat,female,1
14,139,7,treat,female,1
14,139,8,treat,female,1
14,139,9,treat,female,1
14,139,10,treat,female,1
14,139,11,treat,female,1
14,139,12,treat,female,1
14,139,13,treat,female,1
14,139,14,treat,female,1
14,140,1,control,male,1
14,140,2,control,male,0
14,140,3,control,male,0
14,140,4,control,male,0
14,140,5,control,male,0
14,140,6,control,male,0
14,140,7,control,male,1
14,140,8,control,male,0
14,140,9,control,male,0
14,140,10,control,male,1
14,140,11,control,male,0
14,140,12,control,male,0
14,140,13,control,male,1
14,140,14,control,male,0
15,141,1,treat,female,1
15,141,2,treat,female,1
15,141,3,treat,female,1
15,141,4,treat,female,1
15,141,5,treat,female,1
15,141,6,treat,female,1
15,141,7,treat,female,1
15,141,8,treat,female,0
15,141,9,treat,female,0
15,141,10,treat,female,1
15,141,11,treat,female,1
15,141,12,treat,female,0
15,141,13,treat,female,1
15,141,14,treat,female,1
15,142,1,control,female,0
15,142,2,control,female,1
15,142,3,control,female,0
15,142,4,control,female,0
15,142,5,control,female,0
15,142,6,control,female,1
15,142,7,control,female,0
15,142,8,control,female,0
15,142,9,control,female,0
15,142,10,control,female,0
15,142,11,control,female,0
15,142,12,control,female,1
15,142,13,control,female,0
15,142,14,control,female,1
15,143,1,control,male,1
15,143,2,control,male,0
15,143,3,control,male,1
15,143,4,control,male,0
15,143,5,control,male,0
15,143,6,control,male,1
15,143,7,control,male,0
15,143,8,control,male,0
15,143,9,control,male,0
15,143,10,control,male,0
15,143,11,control,male,0
15,143,12,control,male,1
15,143,13,control,male,0
15,143,14,control,male,0
15,144,1,treat,male,1
15,144,2,treat,male,1
15,144,3,treat,male,1
15,144,4,treat,male,0
15,144,5,treat,male,0
15,144,6,treat,male,1
15,144,7,treat,male,0
15,144,8,treat,male,1
15,144,9,treat,male,1
15,144,10,treat,male,0
15,144,11,treat,male,1
15,144,12,treat,male,1
15,144,13,treat,male,0
15,144,14,treat,male,0
15,145,1,control,female,1
15,145,2,control,female,1
15,145,3,control,female,1
15,145,4,control,female,0
15,145,5,control,female,0
15,145,6,control,female,1
15,145,7,control,female,0
15,145,8,control,female,1
15,145,9,control,female,0
15,145,10,control,female,0
15,145,11,control,female,1
15,145,12,control,female,1
15,145,13,control,female,0
15,145,14,control,female,1
15,146,1,treat,female,1
15,146,2,treat,female,1
15,146,3,treat,female,1
15,146,4,treat,female,1
15,146,5,treat,female,1
15,146,6,treat,female,1
15,146,7,treat,female,1
15,146,8,treat,female,1
15,146,9,treat,female,1
15,146,10,treat,female,1
15,146,11,treat,female,1
15,146,12,treat,female,1
15,146,13,treat,female,1
15,146,14,treat,female,1
15,147,1,treat,female,1
15,147,2,treat,female,1
15,147,3,treat,female,1
15,147,4,treat,female,1
15,147,5,treat,female,1
15,147,6,treat,female,1
15,147,7,treat,female,1
15,147,8,treat,female,1
15,147,9,treat,female,1
15,147,10,treat,female,1
15,147,11,treat,female,1
15,147,12,treat,female,1
15,147,13,treat,female,1
15,147,14,treat,female,1
15,148,1,treat,female,1
15,148,2,treat,female,1
15,148,3,treat,female,1
15,148,4,treat,female,1
15,148,5,treat,female,0
15,148,6,treat,female,1
15,148,7,treat,female,1
15,148,8,treat,female,1
15,148,9,treat,female,1
15,148,10,treat,female,1
15,148,11,treat,female,0
15,148,12,treat,female,1
15,148,13,treat,female,1
15,148,14,treat,female,1
15,149,1,control,female,1
15,149,2,control,female,0
15,149,3,control,female,1
15,149,4,control,female,0
15,149,5,control,female,1
15,149,6,control,female,1
15,149,7,control,female,1
15,149,8,control,female,0
15,149,9,control,female,0
15,149,10,control,female,0
15,149,11,control,female,0
15,149,12,control,female,0
15,149,13,control,female,0
15,149,14,control,female,1
15,150,1,control,male,1
15,150,2,control,male,0
15,150,3,control,male,0
15,150,4,control,male,1
15,150,5,control,male,0
15,150,6,control,male,0
15,150,7,control,male,0
15,150,8,control,male,0
15,150,9,control,male,0
15,150,10,control,male,1
15,150,11,control,male,0
15,150,12,control,male,0
15,150,13,control,male,0
15,150,14,control,male,0
16,151,1,treat,female,1
16,151,2,treat,female,1
16,151,3,treat,female,1
16,151,4,treat,female,1
16,151,5,treat,female,0
16,151,6,treat,female,1
16,151,7,treat,female,0
16,151,8,treat,female,1
16,151,9,treat,female,1
16,151,10,treat,female,0
16,151,11,treat,female,1
16,151,12,treat,female,0
16,151,13,treat,female,1
16,151,14,treat,female,1
16,152,1,control,female,0
16,152,2,control,female,0
16,152,3,control,female,1
16,152,4,control,female,1
16,152,5,control,female,1
16,152,6,control,female,1
16,152,7,control,female,0
16,152,8,control,female,1
16,152,9,control,female,1
16,152,10,control,female,1
16,152,11,control,female,0
16,152,12,control,female,1
16,152,13,control,female,1
16,152,14,control,female,0
16,153,1,control,female,0
16,153,2,control,female,0
16,153,3,control,female,1
16,153,4,control,female,1
16,153,5,control,female,1
16,153,6,control,female,0
16,153,7,control,female,0
16,153,8,control,female,0
16,153,9,control,female,0
16,153,10,control,female,1
16,153,11,control,female,0
16,153,12,control,female,0
16,153,13,control,female,1
16,153,14,control,female,0
16,154,1,control,male,0
16,154,2,control,male,0
16,154,3,control,male,0
16,154,4,control,male,0
16,154,5,control,male,1
16,154,6,control,male,1
16,154,7,control,male,0
16,154,8,control,male,0
16,154,9,control,male,0
16,154,10,control,male,1
16,154,11,control,male,1
16,154,12,control,male,0
16,154,13,control,male,1
16,154,14,control,male,1
16,155,1,control,female,0
16,155,2,control,female,1
16,155,3,control,female,0
16,155,4,control,female,0
16,155,5,control,female,0
16,155,6,control,female,0
16,155,7,control,female,0
16,155,8,control,female,0
16,155,9,control,female,1
16,155,10,control,female,0
16,155,11,control,female,0
16,155,12,control,female,0
16,155,13,control,female,1
16,155,14,control,female,0
16,156,1,treat,male,0
16,156,2,treat,male,1
16,156,3,treat,male,0
16,156,4,treat,male,1
16,156,5,treat,male,1
16,156,6,treat,male,0
16,156,7,treat,male,1
16,156,8,treat,male,0
16,156,9,treat,male,1
16,156,10,treat,male,0
16,156,11,treat,male,0
16,156,12,treat,male,0
16,156,13,treat,male,1
16,156,14,treat,male,1
16,157,1,treat,male,1
16,157,2,treat,male,1
16,157,3,treat,male,0
16,157,4,treat,male,1
16,157,5,treat,male,1
16,157,6,treat,male,1
16,157,7,treat,male,0
16,157,8,treat,male,0
16,157,9,treat,male,1
16,157,10,treat,male,0
16,157,11,treat,male,0
16,157,12,treat,male,0
16,157,13,treat,male,0
16,157,14,treat,male,0
16,158,1,treat,female,0
16,158,2,treat,female,1
16,158,3,treat,female,1
16,158,4,treat,female,0
16,158,5,treat,female,1
16,158,6,treat,female,1
16,158,7,treat,female,1
16,158,8,treat,female,1
16,158,9,treat,female,1
16,158,10,treat,female,1
16,158,11,treat,female,1
16,158,12,treat,female,1
16,158,13,treat,female,1
16,158,14,treat,female,1
16,159,1,treat,female,1
16,159,2,treat,female,0
16,159,3,treat,female,1
16,159,4,treat,female,1
16,159,5,treat,female,1
16,159,6,treat,female,1
16,159,7,treat,female,0
16,159,8,treat,female,1
16,159,9,treat,female,1
16,159,10,treat,female,1
16,159,11,treat,female,1
16,159,12,treat,female,1
16,159,13,treat,female,1
16,159,14,treat,female,0
16,160,1,treat,female,1
16,160,2,treat,female,1
16,160,3,treat,female,1
16,160,4,treat,female,0
16,160,5,treat,female,1
16,160,6,treat,female,1
16,160,7,treat,female,1
16,160,8,treat,female,1
16,160,9,treat,female,1
16,160,10,treat,female,0
16,160,11,treat,female,1
16,160,12,treat,female,1
16,160,13,treat,female,1
16,160,14,treat,female,1
17,161,1,control,female,1
17,161,2,control,female,1
17,161,3,control,female,1
17,161,4,control,female,1
17,161,5,control,female,1
17,161,6,control,female,0
17,161,7,control,female,0
17,161,8,control,female,1
17,161,9,control,female,0
17,161,10,control,female,1
17,161,11,control,female,0
17,161,12,control,female,1
17,161,13,control,female,0
17,161,14,control,female,1
17,162,1,control,female,0
17,162,2,control,female,0
17,162,3,control,female,0
17,162,4,control,female,1
17,162,5,control,female,0
17,162,6,control,female,1
17,162,7,control,female,0
17,162,8,control,female,1
17,162,9,control,female,0
17,162,10,control,female,0
17,162,11,control,female,1
17,162,12,control,female,1
17,162,13,control,female,1
17,162,14,control,female,0
17,163,1,control,male,0
17,163,2,control,male,0
17,163,3,control,male,0
17,163,4,control,male,1
17,163,5,control,male,0
17,163,6,control,male,1
17,163,7,control,male,1
17,163,8,control,male,1
17,163,9,control,male,1
17,163,10,control,male,0
17,163,11,control,male,1
17,163,12,control,male,1
17,163,13,control,male,0
17,163,14,control,male,0
17,164,1,treat,female,1
17,164,2,treat,female,1
17,164,3,treat,female,1
17,164,4,treat,female,1
17,164,5,treat,female,1
17,164,6,treat,female,1
17,164,7,treat,female,0
17,164,8,treat,female,1
17,164,9,treat,female,1
17,164,10,treat,female,0
17,164,11,treat,female,1
17,164,12,treat,female,1
17,164,13,treat,female,1
17,164,14,treat,female,1
17,165,1,control,male,0
17,165,2,control,male,1
17,165,3,control,male,0
17,165,4,control,male,0
17,165,5,control,male,0
17,165,6,control,male,0
17,165,7,control,male,0
17,165,8,control,male,0
17,165,9,control,male,0
17,165,10,control,male,0
17,165,11,control,male,0
17,165,12,control,male,1
17,165,13,control,male,0
17,165,14,control,male,1
17,166,1,control,male,0
17,166,2,control,male,0
17,166,3,control,male,0
17,166,4,control,male,0
17,166,5,control,male,1
17,166,6,control,male,0
17,166,7,control,male,0
17,166,8,control,male,0
17,166,9,control,male,0
17,166,10,control,male,1
17,166,11,control,male,0
17,166,12,control,male,0
17,166,13,control,male,1
17,166,14,control,male,1
17,167,1,treat,male,0
17,167,2,treat,male,0
17,167,3,treat,male,0
17,167,4,treat,male,0
17,167,5,treat,male,0
17,167,6,treat,male,0
17,167,7,treat,male,1
17,167,8,treat,male,0
17,167,9,treat,male,0
17,167,10,treat,male,1
17,167,11,treat,male,1
17,167,12,treat,male,0
17,167,13,treat,male,1
17,167,14,treat,male,1
17,168,1,control,female,0
17,168,2,control,female,1
17,168,3,control,female,0
17,168,4,control,female,0
17,168,5,control,female,1
17,168,6,control,female,0
17,168,7,control,female,0
17,168,8,control,female,0
17,168,9,control,female,0
17,168,10,control,female,0
17,168,11,control,female,1
17,168,12,control,female,0
17,168,13,control,female,0
17,168,14,control,female,0
17,169,1,control,female,1
17,169,2,control,female,1
17,169,3,control,female,1
17,169,4,control,female,1
17,169,5,control,female,0
17,169,6,control,female,0
17,169,7,control,female,0
17,169,8,control,female,1
17,169,9,control,female,1
17,169,10,control,female,0
17,169,11,control,female,0
17,169,12,control,female,0
17,169,13,control,female,0
17,169,14,control,female,1
17,170,1,treat,female,0
17,170,2,treat,female,0
17,170,3,treat,female,1
17,170,4,treat,female,1
17,170,5,treat,female,1
17,170,6,treat,female,1
17,170,7,treat,female,1
17,170,8,treat,female,1
17,170,9,treat,female,1
17,170,10,treat,female,1
17,170,11,treat,female,1
17,170,12,treat,female,1
17,170,13,treat,female,1
17,170,14,treat,female,0
18,171,1,control,male,0
18,171,2,control,male,0
18,171,3,control,male,0
18,171,4,control,male,0
18,171,5,control,male,0
18,171,6,control,male,0
18,171,7,control,male,1
18,171,8,control,male,0
18,171,9,control,male,0
18,171,10,control,male,0
18,171,11,control,male,0
18,171,12,control,male,0
18,171,13,control,male,0
18,171,14,control,male,0
18,172,1,control,male,0
18,172,2,control,male,0
18,172,3,control,male,0
18,172,4,control,male,1
18,172,5,control,male,0
18,172,6,control,male,0
18,172,7,control,male,0
18,172,8,control,male,0
18,172,9,control,male,1
18,172,10,control,male,1
18,172,11,control,male,0
18,172,12,control,male,0
18,172,13,control,male,1
18,172,14,control,male,0
18,173,1,treat,male,1
18,173,2,treat,male,1
18,173,3,treat,male,1
18,173,4,treat,male,1
18,173,5,treat,male,0
18,173,6,treat,male,0
18,173,7,treat,male,1
18,173,8,treat,male,0
18,173,9,treat,male,0
18,173,10,treat,male,1
18,173,11,treat,male,0
18,173,12,treat,male,0
18,173,13,treat,male,0
18,173,14,treat,male,0
18,174,1,control,female,1
18,174,2,control,female,0
18,174,3,control,female,1
18,174,4,control,female,1
18,174,5,control,female,1
18,174,6,control,female,0
18,174,7,control,female,1
18,174,8,control,female,0
18,174,9,control,female,0
18,174,10,control,female,0
18,174,11,control,female,0
18,174,12,control,female,0
18,174,13,control,female,0
18,174,14,control,female,0
18,175,1,control,female,0
18,175,2,control,female,1
18,175,3,control,female,1
18,175,4,control,female,1
18,175,5,control,female,1
18,175,6,control,female,0
18,175,7,control,female,1
18,175,8,control,female,1
18,175,9,control,female,0
18,175,10,control,female,1
18,175,11,control,female,0
18,175,12,control,female,0
18,175,13,control,female,0
18,175,14,control,female,0
18,176,1,treat,female,1
18,176,2,treat,female,0
18,176,3,treat,female,1
18,176,4,treat,female,0
18,176,5,treat,female,1
18,176,6,treat,female,1
18,176,7,treat,female,0
18,176,8,treat,female,0
18,176,9,treat,female,1
18,176,10,treat,female,1
18,176,11,treat,female,1
18,176,12,treat,female,0
18,176,13,treat,female,1
18,176,14,treat,female,1
18,177,1,treat,female,0
18,177,2,treat,female,1
18,177,3,treat,female,1
18,177,4,treat,female,1
18,177,5,treat,female,1
18,177,6,treat,female,1
18,177,7,treat,female,1
18,177,8,treat,female,1
18,177,9,treat,female,1
18,177,10,treat,female,0
18,177,11,treat,female,1
18,177,12,treat,female,1
18,177,13,treat,female,1
18,177,14,treat,female,1
18,178,1,treat,male,1
18,178,2,treat,male,1
18,178,3,treat,male,0
18,178,4,treat,male,0
18,178,5,treat,male,1
18,178,6,treat,male,1
18,178,7,treat,male,0
18,178,8,treat,male,1
18,178,9,treat,male,0
18,178,10,treat,male,1
18,178,11,treat,male,0
18,178,12,treat,male,1
18,178,13,treat,male,0
18,178,14,treat,male,0
18,179,1,treat,female,1
18,179,2,treat,female,0
18,179,3,treat,female,1
18,179,4,treat,female,1
18,179,5,treat,female,1
18,179,6,treat,female,1
18,179,7,treat,female,1
18,179,8,treat,female,1
18,179,9,treat,female,1
18,179,10,treat,female,1
18,179,11,treat,female,1
18,179,12,treat,female,1
18,179,13,treat,female,1
18,179,14,treat,female,1
18,180,1,control,female,1
18,180,2,control,female,0
18,180,3,control,female,1
18,180,4,control,female,1
18,180,5,control,female,1
18,180,6,control,female,0
18,180,7,control,female,0
18,180,8,control,female,1
18,180,9,control,female,0
18,180,10,control,female,0
18,180,11,control,female,0
18,180,12,control,female,0
18,180,13,control,female,1
18,180,14,control,female,1
19,181,1,treat,female,1
19,181,2,treat,female,1
19,181,3,treat,female,1
19,181,4,treat,female,1
19,181,5,treat,female,1
19,181,6,treat,female,1
19,181,7,treat,female,1
19,181,8,treat,female,1
19,181,9,treat,female,1
19,181,10,treat,female,1
19,181,11,treat,female,1
19,181,12,treat,female,1
19,181,13,treat,female,0
19,181,14,treat,female,1
19,182,1,control,female,0
19,182,2,control,female,1
19,182,3,control,female,0
19,182,4,control,female,0
19,182,5,control,female,0
19,182,6,control,female,0
19,182,7,control,female,0
19,182,8,control,female,0
19,182,9,control,female,0
19,182,10,control,female,0
19,182,11,control,female,1
19,182,12,control,female,0
19,182,13,control,female,0
19,182,14,control,female,0
19,183,1,control,female,0
19,183,2,control,female,1
19,183,3,control,female,1
19,183,4,control,female,1
19,183,5,control,female,1
19,183,6,control,female,0
19,183,7,control,female,1
19,183,8,control,female,1
19,183,9,control,female,1
19,183,10,control,female,1
19,183,11,control,female,0
19,183,12,control,female,1
19,183,13,control,female,1
19,183,14,control,female,0
19,184,1,control,male,0
19,184,2,control,male,0
19,184,3,control,male,1
19,184,4,control,male,0
19,184,5,control,male,1
19,184,6,control,male,0
19,184,7,control,male,0
19,184,8,control,male,0
19,184,9,control,male,0
19,184,10,control,male,1
19,184,11,control,male,0
19,184,12,control,male,0
19,184,13,control,male,1
19,184,14,control,male,0
19,185,1,control,female,1
19,185,2,control,female,1
19,185,3,control,female,0
19,185,4,control,female,1
19,185,5,control,female,0
19,185,6,control,female,0
19,185,7,control,female,1
19,185,8,control,female,1
19,185,9,control,female,0
19,185,10,control,female,1
19,185,11,control,female,1
19,185,12,control,female,1
19,185,13,control,female,1
19,185,14,control,female,0
19,186,1,control,male,0
19,186,2,control,male,1
19,186,3,control,male,0
19,186,4,control,male,0
19,186,5,control,male,1
19,186,6,control,male,0
19,186,7,control,male,0
19,186,8,control,male,1
19,186,9,control,male,0
19,186,10,control,male,0
19,186,11,control,male,0
19,186,12,control,male,0
19,186,13,control,male,0
19,186,14,control,male,0
19,187,1,treat,male,1
19,187,2,treat,male,0
19,187,3,treat,male,1
19,187,4,treat,male,0
19,187,5,treat,male,1
19,187,6,treat,male,1
19,187,7,treat,male,0
19,187,8,treat,male,0
19,187,9,treat,male,1
19,187,10,treat,male,0
19,187,11,treat,male,1
19,187,12,treat,male,0
19,187,13,treat,male,1
19,187,14,treat,male,0
19,188,1,control,male,0
19,188,2,control,male,0
19,188,3,control,male,0
19,188,4,control,male,1
19,188,5,control,male,1
19,188,6,control,male,0
19,188,7,control,male,1
19,188,8,control,male,0
19,188,9,control,male,1
19,188,10,control,male,0
19,188,11,control,male,0
19,188,12,control,male,1
19,188,13,control,male,0
19,188,14,control,male,0
19,189,1,treat,male,0
19,189,2,treat,male,1
19,189,3,treat,male,1
19,189,4,treat,male,0
19,189,5,treat,male,1
19,189,6,treat,male,0
19,189,7,treat,male,0
19,189,8,treat,male,0
19,189,9,treat,male,0
19,189,10,treat,male,1
19,189,11,treat,male,0
19,189,12,treat,male,1
19,189,13,treat,male,1
19,189,14,treat,male,0
19,190,1,control,male,0
19,190,2,control,male,0
19,190,3,control,male,1
19,190,4,control,male,0
19,190,5,control,male,1
19,190,6,control,male,0
19,190,7,control,male,1
19,190,8,control,male,0
19,190,9,control,male,0
19,190,10,control,male,0
19,190,11,control,male,0
19,190,12,control,male,0
19,190,13,control,male,1
19,190,14,control,male,0
20,191,1,control,male,1
20,191,2,control,male,0
20,191,3,control,male,0
20,191,4,control,male,0
20,191,5,control,male,0
20,191,6,control,male,0
20,191,7,control,male,0
20,191,8,control,male,1
20,191,9,control,male,0
20,191,10,control,male,1
20,191,11,control,male,1
20,191,12,control,male,0
20,191,13,control,male,0
20,191,14,control,male,0
20,192,1,treat,male,1
20,192,2,treat,male,0
20,192,3,treat,male,0
20,192,4,treat,male,0
20,192,5,treat,male,0
20,192,6,treat,male,1
20,192,7,treat,male,0
20,192,8,treat,male,0
20,192,9,treat,male,0
20,192,10,treat,male,1
20,192,11,treat,male,0
20,192,12,treat,male,1
20,192,13,treat,male,1
20,192,14,treat,male,0
20,193,1,control,male,0
20,193,2,control,male,0
20,193,3,control,male,1
20,193,4,control,male,0
20,193,5,control,male,1
20,193,6,control,male,1
20,193,7,control,male,0
20,193,8,control,male,0
20,193,9,control,male,0
20,193,10,control,male,1
20,193,11,control,male,0
20,193,12,control,male,0
20,193,13,control,male,0
20,193,14,control,male,0
20,194,1,treat,female,1
20,194,2,treat,female,1
20,194,3,treat,female,0
20,194,4,treat,female,1
20,194,5,treat,female,1
20,194,6,treat,female,1
20,194,7,treat,female,1
20,194,8,treat,female,0
20,194,9,treat,female,1
20,194,10,treat,female,1
20,194,11,treat,female,1
20,194,12,treat,female,1
20,194,13,treat,female,1
20,194,14,treat,female,1
20,195,1,treat,male,0
20,195,2,treat,male,0
20,195,3,treat,male,1
20,195,4,treat,male,1
20,195,5,treat,male,1
20,195,6,treat,male,1
20,195,7,treat,male,0
20,195,8,treat,male,0
20,195,9,treat,male,0
20,195,10,treat,male,1
20,195,11,treat,male,1
20,195,12,treat,male,1
20,195,13,treat,male,1
20,195,14,treat,male,0
20,196,1,treat,female,0
20,196,2,treat,female,1
20,196,3,treat,female,1
20,196,4,treat,female,1
20,196,5,treat,female,1
20,196,6,treat,female,1
20,196,7,treat,female,1
20,196,8,treat,female,0
20,196,9,treat,female,1
20,196,10,treat,female,1
20,196,11,treat,female,1
20,196,12,treat,female,1
20,196,13,treat,female,1
20,196,14,treat,female,1
20,197,1,control,male,0
20,197,2,control,male,1
20,197,3,control,male,1
20,197,4,control,male,0
20,197,5,control,male,0
20,197,6,control,male,0
20,197,7,control,male,0
20,197,8,control,male,1
20,197,9,control,male,1
20,197,10,control,male,0
20,197,11,control,male,0
20,197,12,control,male,0
20,197,13,control,male,0
20,197,14,control,male,0
20,198,1,treat,female,0
20,198,2,treat,female,1
20,198,3,treat,female,1
20,198,4,treat,female,1
20,198,5,treat,female,1
20,198,6,treat,female,0
20,198,7,treat,female,1
20,198,8,treat,female,1
20,198,9,treat,female,1
20,198,10,treat,female,1
20,198,11,treat,female,1
20,198,12,treat,female,1
20,198,13,treat,female,1
20,198,14,treat,female,1
20,199,1,control,female,1
20,199,2,control,female,0
20,199,3,control,female,0
20,199,4,control,female,1
20,199,5,control,female,0
20,199,6,control,female,0
20,199,7,control,female,1
20,199,8,control,female,1
20,199,9,control,female,1
20,199,10,control,female,1
20,199,11,control,female,0
20,199,12,control,female,0
20,199,13,control,female,0
20,199,14,control,female,1
20,200,1,control,male,0
20,200,2,control,male,0
20,200,3,control,male,0
20,200,4,control,male,1
20,200,5,control,male,0
20,200,6,control,male,0
20,200,7,control,male,0
20,200,8,control,male,1
20,200,9,control,male,0
20,200,10,control,male,0
20,200,11,control,male,0
20,200,12,control,male,0
20,200,13,control,male,0
20,200,14,control,male,1
21,201,1,treat,male,0
21,201,2,treat,male,1
21,201,3,treat,male,1
21,201,4,treat,male,0
21,201,5,treat,male,0
21,201,6,treat,male,1
21,201,7,treat,male,0
21,201,8,treat,male,1
21,201,9,treat,male,1
21,201,10,treat,male,0
21,201,11,treat,male,0
21,201,12,treat,male,0
21,201,13,treat,male,1
21,201,14,treat,male,0
21,202,1,treat,female,1
21,202,2,treat,female,0
21,202,3,treat,female,0
21,202,4,treat,female,0
21,202,5,treat,female,1
21,202,6,treat,female,1
21,202,7,treat,female,1
21,202,8,treat,female,1
21,202,9,treat,female,1
21,202,10,treat,female,0
21,202,11,treat,female,1
21,202,12,treat,female,1
21,202,13,treat,female,1
21,202,14,treat,female,1
21,203,1,control,female,0
21,203,2,control,female,1
21,203,3,control,female,0
21,203,4,control,female,1
21,203,5,control,female,1
21,203,6,control,female,1
21,203,7,control,female,0
21,203,8,control,female,0
21,203,9,control,female,1
21,203,10,control,female,1
21,203,11,control,female,0
21,203,12,control,female,0
21,203,13,control,female,0
21,203,14,control,female,1
21,204,1,treat,male,1
21,204,2,treat,male,1
21,204,3,treat,male,0
21,204,4,treat,male,0
21,204,5,treat,male,0
21,204,6,treat,male,0
21,204,7,treat,male,0
21,204,8,treat,male,1
21,204,9,treat,male,1
21,204,10,treat,male,0
21,204,11,treat,male,1
21,204,12,treat,male,0
21,204,13,treat,male,0
21,204,14,treat,male,1
21,205,1,treat,male,0
21,205,2,treat,male,0
21,205,3,treat,male,0
21,205,4,treat,male,1
21,205,5,treat,male,0
21,205,6,treat,male,0
21,205,7,treat,male,1
21,205,8,treat,male,1
21,205,9,treat,male,1
21,205,10,treat,male,0
21,205,11,treat,male,1
21,205,12,treat,male,1
21,205,13,treat,male,0
21,205,14,treat,male,0
21,206,1,treat,male,1
21,206,2,treat,male,1
21,206,3,treat,male,1
21,206,4,treat,male,0
21,206,5,treat,male,1
21,206,6,treat,male,1
21,206,7,treat,male,1
21,206,8,treat,male,0
21,206,9,treat,male,1
21,206,10,treat,male,1
21,206,11,treat,male,0
21,206,12,treat,male,0
21,206,13,treat,male,0
21,206,14,treat,male,0
21,207,1,control,female,0
21,207,2,control,female,0
21,207,3,control,female,0
21,207,4,control,female,1
21,207,5,control,female,0
21,207,6,control,female,0
21,207,7,control,female,1
21,207,8,control,female,1
21,207,9,control,female,0
21,207,10,control,female,0
21,207,11,control,female,0
21,207,12,control,female,1
21,207,13,control,female,0
21,207,14,control,female,1
21,208,1,control,female,0
21,208,2,control,female,1
21,208,3,control,female,0
21,208,4,control,female,0
21,208,5,control,female,1
21,208,6,control,female,1
21,208,7,control,female,0
21,208,8,control,female,1
21,208,9,control,female,0
21,208,10,control,female,0
21,208,11,control,female,0
21,208,12,control,female,0
21,208,13,control,female,0
21,208,14,control,female,0
21,209,1,treat,female,1
21,209,2,treat,female,1
21,209,3,treat,female,0
21,209,4,treat,female,1
21,209,5,treat,female,0
21,209,6,treat,female,1
21,209,7,treat,female,1
21,209,8,treat,female,1
21,209,9,treat,female,1
21,209,10,treat,female,1
21,209,11,treat,female,1
21,209,12,treat,female,1
21,209,13,treat,female,1
21,209,14,treat,female,1
21,210,1,control,female,0
21,210,2,control,female,0
21,210,3,control,female,0
21,210,4,control,female,1
21,210,5,control,female,0
21,210,6,control,female,0
21,210,7,control,female,1
21,210,8,control,female,0
21,210,9,control,female,1
21,210,10,control,female,1
21,210,11,control,female,1
21,210,12,control,female,0
21,210,13,control,female,1
21,210,14,control,female,0
22,211,1,control,male,0
22,211,2,control,male,0
22,211,3,control,male,0
22,211,4,control,male,0
22,211,5,control,male,0
22,211,6,control,male,0
22,211,7,control,male,0
22,211,8,control,male,0
22,211,9,control,male,1
22,211,10,control,male,1
22,211,11,control,male,1
22,211,12,control,male,0
22,211,13,control,male,0
22,211,14,control,male,1
22,212,1,control,male,0
22,212,2,control,male,0
22,212,3,control,male,0
22,212,4,control,male,1
22,212,5,control,male,1
22,212,6,control,male,0
22,212,7,control,male,1
22,212,8,control,male,1
22,212,9,control,male,0
22,212,10,control,male,1
22,212,11,control,male,0
22,212,12,control,male,0
22,212,13,control,male,0
22,212,14,control,male,0
22,213,1,control,female,0
22,213,2,control,female,0
22,213,3,control,female,1
22,213,4,control,female,0
22,213,5,control,female,1
22,213,6,control,female,1
22,213,7,control,female,1
22,213,8,control,female,0
22,213,9,control,female,0
22,213,10,control,female,0
22,213,11,control,female,0
22,213,12,control,female,0
22,213,13,control,female,1
22,213,14,control,female,0
22,214,1,treat,male,1
22,214,2,treat,male,1
22,214,3,treat,male,1
22,214,4,treat,male,1
22,214,5,treat,male,0
22,214,6,treat,male,1
22,214,7,treat,male,0
22,214,8,treat,male,0
22,214,9,treat,male,1
22,214,10,treat,male,1
22,214,11,treat,male,1
22,214,12,treat,male,1
22,214,13,treat,male,1
22,214,14,treat,male,0
22,215,1,control,female,1
22,215,2,control,female,0
22,215,3,control,female,0
22,215,4,control,female,0
22,215,5,control,female,1
22,215,6,control,female,0
22,215,7,control,female,0
22,215,8,control,female,1
22,215,9,control,female,0
22,215,10,control,female,1
22,215,11,control,female,1
22,215,12,control,female,0
22,215,13,control,female,0
22,215,14,control,female,1
22,216,1,control,male,0
22,216,2,control,male,0
22,216,3,control,male,0
22,216,4,control,male,0
22,216,5,control,male,0
22,216,6,control,male,1
22,216,7,control,male,0
22,216,8,control,male,1
22,216,9,control,male,0
22,216,10,control,male,0
22,216,11,control,male,1
22,216,12,control,male,1
22,216,13,control,male,0
22,216,14,control,male,0
22,217,1,control,female,0
22,217,2,control,female,0
22,217,3,control,female,0
22,217,4,control,female,0
22,217,5,control,female,0
22,217,6,control,female,1
22,217,7,control,female,0
22,217,8,control,female,0
22,217,9,control,female,0
22,217,10,control,female,1
22,217,11,control,female,1
22,217,12,control,female,0
22,217,13,control,female,1
22,217,14,control,female,0
22,218,1,treat,male,0
22,218,2,treat,male,0
22,218,3,treat,male,1
22,218,4,treat,male,0
22,218,5,treat,male,0
22,218,6,treat,male,0
22,218,7,treat,male,1
22,218,8,treat,male,0
22,218,9,treat,male,1
22,218,10,treat,male,1
22,218,11,treat,male,0
22,218,12,treat,male,0
22,218,13,treat,male,1
22,218,14,treat,male,1
22,219,1,treat,male,0
22,219,2,treat,male,1
22,219,3,treat,male,0
22,219,4,treat,male,1
22,219,5,treat,male,0
22,219,6,treat,male,0
22,219,7,treat,male,1
22,219,8,treat,male,1
22,219,9,treat,male,1
22,219,10,treat,male,0
22,219,11,treat,male,1
22,219,12,treat,male,1
22,219,13,treat,male,1
22,219,14,treat,male,0
22,220,1,control,female,1
22,220,2,control,female,0
22,220,3,control,female,1
22,220,4,control,female,1
22,220,5,control,female,0
22,220,6,control,female,0
22,220,7,control,female,0
22,220,8,control,female,0
22,220,9,control,female,0
22,220,10,control,female,1
22,220,11,control,female,1
22,220,12,control,female,0
22,220,13,control,female,0
22,220,14,control,female,0
23,221,1,treat,male,0
23,221,2,treat,male,0
23,221,3,treat,male,1
23,221,4,treat,male,0
23,221,5,treat,male,0
23,221,6,treat,male,1
23,221,7,treat,male,0
23,221,8,treat,male,0
23,221,9,treat,male,0
23,221,10,treat,male,0
23,221,11,treat,male,0
23,221,12,treat,male,1
23,221,13,treat,male,1
23,221,14,treat,male,1
23,222,1,treat,female,1
23,222,2,treat,female,1
23,222,3,treat,female,1
23,222,4,treat,female,1
23,222,5,treat,female,0
23,222,6,treat,female,1
23,222,7,treat,female,1
23,222,8,treat,female,1
23,222,9,treat,female,1
23,222,10,treat,female,1
23,222,11,treat,female,1
23,222,12,treat,female,1
23,222,13,treat,female,0
23,222,14,treat,female,1
23,223,1,treat,male,0
23,223,2,treat,male,0
23,223,3,treat,male,1
23,223,4,treat,male,0
23,223,5,treat,male,0
23,223,6,treat,male,1
23,223,7,treat,male,0
23,223,8,treat,male,0
23,223,9,treat,male,0
23,223,10,treat,male,0
23,223,11,treat,male,0
23,223,12,treat,male,0
23,223,13,treat,male,1
23,223,14,treat,male,0
23,224,1,treat,male,1
23,224,2,treat,male,0
23,224,3,treat,male,0
23,224,4,treat,male,1
23,224,5,treat,male,1
23,224,6,treat,male,1
23,224,7,treat,male,1
23,224,8,treat,male,1
23,224,9,treat,male,0
23,224,10,treat,male,0
23,224,11,treat,male,0
23,224,12,treat,male,0
23,224,13,treat,male,1
23,224,14,treat,male,1
23,225,1,treat,female,1
23,225,2,treat,female,1
23,225,3,treat,female,1
23,225,4,treat,female,1
23,225,5,treat,female,1
23,225,6,treat,female,1
23,225,7,treat,female,1
23,225,8,treat,female,1
23,225,9,treat,female,0
23,225,10,treat,female,1
23,225,11,treat,female,0
23,225,12,treat,female,1
23,225,13,treat,female,1
23,225,14,treat,female,0
23,226,1,control,female,1
23,226,2,control,female,1
23,226,3,control,female,1
23,226,4,control,female,1
23,226,5,control,female,1
23,226,6,control,female,1
23,226,7,control,female,1
23,226,8,control,female,1
23,226,9,control,female,0
23,226,10,control,female,1
23,226,11,control,female,0
23,226,12,control,female,0
23,226,13,control,female,1
23,226,14,control,female,1
23,227,1,treat,female,1
23,227,2,treat,female,1
23,227,3,treat,female,0
23,227,4,treat,female,1
23,227,5,treat,female,1
23,227,6,treat,female,1
23,227,7,treat,female,1
23,227,8,treat,female,1
23,227,9,treat,female,1
23,227,10,treat,female,1
23,227,11,treat,female,1
23,227,12,treat,female,1
23,227,13,treat,female,1
23,227,14,treat,female,1
23,228,1,control,female,1
23,228,2,control,female,1
23,228,3,control,female,1
23,228,4,control,female,0
23,228,5,control,female,1
23,228,6,control,female,0
23,228,7,control,female,0
23,228,8,control,female,0
23,228,9,control,female,1
23,228,10,control,female,0
23,228,11,control,female,1
23,228,12,control,female,1
23,228,13,control,female,0
23,228,14,control,female,0
23,229,1,control,female,1
23,229,2,control,female,0
23,229,3,control,female,1
23,229,4,control,female,0
23,229,5,control,female,0
23,229,6,control,female,1
23,229,7,control,female,1
23,229,8,control,female,0
23,229,9,control,female,0
23,229,10,control,female,0
23,229,11,control,female,0
23,229,12,control,female,0
23,229,13,control,female,0
23,229,14,control,female,0
23,230,1,treat,female,1
23,230,2,treat,female,1
23,230,3,treat,female,1
23,230,4,treat,female,1
23,230,5,treat,female,1
23,230,6,treat,female,1
23,230,7,treat,female,1
23,230,8,treat,female,1
23,230,9,treat,female,1
23,230,10,treat,female,1
23,230,11,treat,female,0
23,230,12,treat,female,1
23,230,13,treat,female,1
23,230,14,treat,female,0
24,231,1,control,male,0
24,231,2,control,male,0
24,231,3,control,male,0
24,231,4,control,male,1
24,231,5,control,male,1
24,231,6,control,male,1
24,231,7,control,male,0
24,231,8,control,male,0
24,231,9,control,male,0
24,231,10,control,male,0
24,231,11,control,male,0
24,231,12,control,male,0
24,231,13,control,male,0
24,231,14,control,male,0
24,232,1,control,female,1
24,232,2,control,female,1
24,232,3,control,female,1
24,232,4,control,female,0
24,232,5,control,female,0
24,232,6,control,female,0
24,232,7,control,female,1
24,232,8,control,female,0
24,232,9,control,female,0
24,232,10,control,female,0
24,232,11,control,female,0
24,232,12,control,female,0
24,232,13,control,female,0
24,232,14,control,female,0
24,233,1,control,female,1
24,233,2,control,female,1
24,233,3,control,female,0
24,233,4,control,female,1
24,233,5,control,female,0
24,233,6,control,female,1
24,233,7,control,female,0
24,233,8,control,female,0
24,233,9,control,female,1
24,233,10,control,female,0
24,233,11,control,female,1
24,233,12,control,female,0
24,233,13,control,female,0
24,233,14,control,female,0
24,234,1,control,female,0
24,234,2,control,female,1
24,234,3,control,female,1
24,234,4,control,female,1
24,234,5,control,female,0
24,234,6,control,female,0
24,234,7,control,female,0
24,234,8,control,female,0
24,234,9,control,female,0
24,234,10,control,female,1
24,234,11,control,female,0
24,234,12,control,female,0
24,234,13,control,female,1
24,234,14,control,female,0
24,235,1,control,female,0
24,235,2,control,female,0
24,235,3,control,female,0
24,235,4,control,female,0
24,235,5,control,female,1
24,235,6,control,female,0
24,235,7,control,female,0
24,235,8,control,female,0
24,235,9,control,female,0
24,235,10,control,female,0
24,235,11,control,female,1
24,235,12,control,female,1
24,235,13,control,female,0
24,235,14,control,female,0
24,236,1,treat,male,0
24,236,2,treat,male,1
24,236,3,treat,male,1
24,236,4,treat,male,1
24,236,5,treat,male,0
24,236,6,treat,male,0
24,236,7,treat,male,1
24,236,8,treat,male,1
24,236,9,treat,male,0
24,236,10,treat,male,0
24,236,11,treat,male,1
24,236,12,treat,male,1
24,236,13,treat,male,0
24,236,14,treat,male,1
24,237,1,treat,male,0
24,237,2,treat,male,0
24,237,3,treat,male,0
24,237,4,treat,male,1
24,237,5,treat,male,0
24,237,6,treat,male,1
24,237,7,treat,male,1
24,237,8,treat,male,1
24,237,9,treat,male,1
24,237,10,treat,male,0
24,237,11,treat,male,1
24,237,12,treat,male,1
24,237,13,treat,male,0
24,237,14,treat,male,0
24,238,1,treat,female,1
24,238,2,treat,female,1
24,238,3,treat,female,1
24,238,4,treat,female,1
24,238,5,treat,female,1
24,238,6,treat,female,1
24,238,7,treat,female,1
24,238,8,treat,female,1
24,238,9,treat,female,1
24,238,10,treat,female,1
24,238,11,treat,female,1
24,238,12,treat,female,0
24,238,13,treat,female,0
24,238,14,treat,female,1
24,239,1,treat,female,1
24,239,2,treat,female,1
24,239,3,treat,female,1
24,239,4,treat,female,1
24,239,5,treat,female,1
24,239,6,treat,female,1
24,239,7,treat,female,1
24,239,8,treat,female,1
24,239,9,treat,female,1
24,239,10,treat,female,1
24,239,11,treat,female,0
24,239,12,treat,female,1
24,239,13,treat,female,1
24,239,14,treat,female,1
24,240,1,treat,male,1
24,240,2,treat,male,0
24,240,3,treat,male,0
24,240,4,treat,male,0
24,240,5,treat,male,0
24,240,6,treat,male,1
24,240,7,treat,male,0
24,240,8,treat,male,0
24,240,9,treat,male,0
24,240,10,treat,male,0
24,240,11,treat,male,0
24,240,12,treat,male,1
24,240,13,treat,male,1
24,240,14,treat,male,0
25,241,1,treat,female,1
25,241,2,treat,female,0
25,241,3,treat,female,1
25,241,4,treat,female,1
25,241,5,treat,female,1
25,241,6,treat,female,1
25,241,7,treat,female,1
25,241,8,treat,female,1
25,241,9,treat,female,1
25,241,10,treat,female,1
25,241,11,treat,female,1
25,241,12,treat,female,1
25,241,13,treat,female,1
25,241,14,treat,female,1
25,242,1,treat,male,1
25,242,2,treat,male,1
25,242,3,treat,male,1
25,242,4,treat,male,1
25,242,5,treat,male,0
25,242,6,treat,male,1
25,242,7,treat,male,0
25,242,8,treat,male,1
25,242,9,treat,male,0
25,242,10,treat,male,1
25,242,11,treat,male,0
25,242,12,treat,male,1
25,242,13,treat,male,0
25,242,14,treat,male,0
25,243,1,control,female,0
25,243,2,control,female,0
25,243,3,control,female,0
25,243,4,control,female,1
25,243,5,control,female,0
25,243,6,control,female,0
25,243,7,control,female,1
25,243,8,control,female,1
25,243,9,control,female,1
25,243,10,control,female,1
25,243,11,control,female,0
25,243,12,control,female,0
25,243,13,control,female,1
25,243,14,control,female,0
25,244,1,treat,male,0
25,244,2,treat,male,1
25,244,3,treat,male,0
25,244,4,treat,male,1
25,244,5,treat,male,1
25,244,6,treat,male,1
25,244,7,treat,male,0
25,244,8,treat,male,1
25,244,9,treat,male,1
25,244,10,treat,male,0
25,244,11,treat,male,0
25,244,12,treat,male,0
25,244,13,treat,male,1
25,244,14,treat,male,1
25,245,1,control,male,0
25,245,2,control,male,0
25,245,3,control,male,1
25,245,4,control,male,0
25,245,5,control,male,1
25,245,6,control,male,1
25,245,7,control,male,0
25,245,8,control,male,0
25,245,9,control,male,0
25,245,10,control,male,1
25,245,11,control,male,1
25,245,12,control,male,0
25,245,13,control,male,0
25,245,14,control,male,0
25,246,1,treat,female,1
25,246,2,treat,female,1
25,246,3,treat,female,1
25,246,4,treat,female,1
25,246,5,treat,female,1
25,246,6,treat,female,1
25,246,7,treat,female,1
25,246,8,treat,female,1
25,246,9,treat,female,1
25,246,10,treat,female,1
25,246,11,treat,female,1
25,246,12,treat,female,1
25,246,13,treat,female,1
25,246,14,treat,female,1
25,247,1,control,female,0
25,247,2,control,female,0
25,247,3,control,female,0
25,247,4,control,female,1
25,247,5,control,female,0
25,247,6,control,female,0
25,247,7,control,female,0
25,247,8,control,female,0
25,247,9,control,female,0
25,247,10,control,female,1
25,247,11,control,female,1
25,247,12,control,female,0
25,247,13,control,female,0
25,247,14,control,female,1
25,248,1,treat,female,1
25,248,2,treat,female,1
25,248,3,treat,female,1
25,248,4,treat,female,1
25,248,5,treat,female,1
25,248,6,treat,female,1
25,248,7,treat,female,1
25,248,8,treat,female,1
25,248,9,treat,female,1
25,248,10,treat,female,1
25,248,11,treat,female,1
25,248,12,treat,female,1
25,248,13,treat,female,1
25,248,14,treat,female,1
25,249,1,control,male,1
25,249,2,control,male,1
25,249,3,control,male,1
25,249,4,control,male,0
25,249,5,control,male,0
25,249,6,control,male,0
25,249,7,control,male,0
25,249,8,control,male,0
25,249,9,control,male,1
25,249,10,control,male,0
25,249,11,control,male,0
25,249,12,control,male,0
25,249,13,control,male,0
25,249,14,control,male,0
25,250,1,treat,male,1
25,250,2,treat,male,0
25,250,3,treat,male,0
25,250,4,treat,male,0
25,250,5,treat,male,0
25,250,6,treat,male,0
25,250,7,treat,male,1
25,250,8,treat,male,1
25,250,9,treat,male,0
25,250,10,treat,male,1
25,250,11,treat,male,0
25,250,12,treat,male,0
25,250,13,treat,male,0
25,250,14,treat,male,1
